nohup: ignoring input
Starting parallel evaluation of 6391 configurations...
OnlineSubjectDataset initialized with following configuration:
{'Total Samples': 1454358, 'Total Subjects': 2846}
[Filtering] Required windows per batch: 4
[Filtering] Required batches per block: 1
[Filtering] Required blocks per subject: 1
[Filtering] Subjects remaining: 2626 (removed 220)
OnlineSubjectDataset initialized with following configuration:
{'Total Samples': 1454358, 'Total Subjects': 2846}
[Filtering] Required windows per batch: 4
[Filtering] Required batches per block: 2
[Filtering] Required blocks per subject: 1
[Filtering] Subjects remaining: 2515 (removed 331)
OnlineSubjectDataset initialized with following configuration:
{'Total Samples': 1454358, 'Total Subjects': 2846}
[Filtering] Required windows per batch: 4
[Filtering] Required batches per block: 3
[Filtering] Required blocks per subject: 1
[Filtering] Subjects remaining: 2395 (removed 451)
OnlineSubjectDataset initialized with following configuration:
{'Total Samples': 1454358, 'Total Subjects': 2846}
[Filtering] Required windows per batch: 4
[Filtering] Required batches per block: 4
[Filtering] Required blocks per subject: 1
[Filtering] Subjects remaining: 2277 (removed 569)
OnlineSubjectDataset initialized with following configuration:
{'Total Samples': 1454358, 'Total Subjects': 2846}
[Filtering] Required windows per batch: 4
[Filtering] Required batches per block: 5
[Filtering] Required blocks per subject: 1
[Filtering] Subjects remaining: 2142 (removed 704)
OnlineSubjectDataset initialized with following configuration:
{'Total Samples': 1454358, 'Total Subjects': 2846}
[Filtering] Required windows per batch: 4
[Filtering] Required batches per block: 6
[Filtering] Required blocks per subject: 1
[Filtering] Subjects remaining: 2011 (removed 835)
OnlineSubjectDataset initialized with following configuration:
{'Total Samples': 1454358, 'Total Subjects': 2846}
[Filtering] Required windows per batch: 4
[Filtering] Required batches per block: 7
[Filtering] Required blocks per subject: 1
[Filtering] Subjects remaining: 1883 (removed 963)
OnlineSubjectDataset initialized with following configuration:
{'Total Samples': 1454358, 'Total Subjects': 2846}
[Filtering] Required windows per batch: 4
[Filtering] Required batches per block: 8
[Filtering] Required blocks per subject: 1
[Filtering] Subjects remaining: 1778 (removed 1068)
OnlineSubjectDataset initialized with following configuration:
{'Total Samples': 1454358, 'Total Subjects': 2846}
[Filtering] Required windows per batch: 4
[Filtering] Required batches per block: 9
[Filtering] Required blocks per subject: 1
[Filtering] Subjects remaining: 1671 (removed 1175)
OnlineSubjectDataset initialized with following configuration:
{'Total Samples': 1454358, 'Total Subjects': 2846}
[Filtering] Required windows per batch: 4
[Filtering] Required batches per block: 10
[Filtering] Required blocks per subject: 1
[Filtering] Subjects remaining: 1564 (removed 1282)
OnlineSubjectDataset initialized with following configuration:
{'Total Samples': 1454358, 'Total Subjects': 2846}
[Filtering] Required windows per batch: 4
[Filtering] Required batches per block: 11
[Filtering] Required blocks per subject: 1
[Filtering] Subjects remaining: 1475 (removed 1371)
OnlineSubjectDataset initialized with following configuration:
{'Total Samples': 1454358, 'Total Subjects': 2846}
[Filtering] Required windows per batch: 4
[Filtering] Required batches per block: 12
[Filtering] Required blocks per subject: 1
[Filtering] Subjects remaining: 1392 (removed 1454)
OnlineSubjectDataset initialized with following configuration:
{'Total Samples': 1454358, 'Total Subjects': 2846}
[Filtering] Required windows per batch: 4
[Filtering] Required batches per block: 13
[Filtering] Required blocks per subject: 1
[Filtering] Subjects remaining: 1311 (removed 1535)
OnlineSubjectDataset initialized with following configuration:
{'Total Samples': 1454358, 'Total Subjects': 2846}
[Filtering] Required windows per batch: 4
[Filtering] Required batches per block: 14
[Filtering] Required blocks per subject: 1
[Filtering] Subjects remaining: 1231 (removed 1615)
OnlineSubjectDataset initialized with following configuration:
{'Total Samples': 1454358, 'Total Subjects': 2846}
[Filtering] Required windows per batch: 4
[Filtering] Required batches per block: 15
[Filtering] Required blocks per subject: 1
[Filtering] Subjects remaining: 1152 (removed 1694)
OnlineSubjectDataset initialized with following configuration:
{'Total Samples': 1454358, 'Total Subjects': 2846}
[Filtering] Required windows per batch: 4
[Filtering] Required batches per block: 16
[Filtering] Required blocks per subject: 1
[Filtering] Subjects remaining: 1081 (removed 1765)
OnlineSubjectDataset initialized with following configuration:
{'Total Samples': 1454358, 'Total Subjects': 2846}
[Filtering] Required windows per batch: 4
[Filtering] Required batches per block: 17
[Filtering] Required blocks per subject: 1
[Filtering] Subjects remaining: 1024 (removed 1822)
OnlineSubjectDataset initialized with following configuration:
{'Total Samples': 1454358, 'Total Subjects': 2846}
[Filtering] Required windows per batch: 4
[Filtering] Required batches per block: 18
[Filtering] Required blocks per subject: 1
[Filtering] Subjects remaining: 970 (removed 1876)
OnlineSubjectDataset initialized with following configuration:
{'Total Samples': 1454358, 'Total Subjects': 2846}
[Filtering] Required windows per batch: 4
[Filtering] Required batches per block: 19
[Filtering] Required blocks per subject: 1
[Filtering] Subjects remaining: 914 (removed 1932)
OnlineSubjectDataset initialized with following configuration:
{'Total Samples': 1454358, 'Total Subjects': 2846}
[Filtering] Required windows per batch: 4
[Filtering] Required batches per block: 20
[Filtering] Required blocks per subject: 1
[Filtering] Subjects remaining: 870 (removed 1976)
OnlineSubjectDataset initialized with following configuration:
{'Total Samples': 1454358, 'Total Subjects': 2846}
[Filtering] Required windows per batch: 4
[Filtering] Required batches per block: 21
[Filtering] Required blocks per subject: 1
[Filtering] Subjects remaining: 818 (removed 2028)
OnlineSubjectDataset initialized with following configuration:
{'Total Samples': 1454358, 'Total Subjects': 2846}
[Filtering] Required windows per batch: 4
[Filtering] Required batches per block: 22
[Filtering] Required blocks per subject: 1
[Filtering] Subjects remaining: 778 (removed 2068)
OnlineSubjectDataset initialized with following configuration:
{'Total Samples': 1454358, 'Total Subjects': 2846}
[Filtering] Required windows per batch: 4
[Filtering] Required batches per block: 23
[Filtering] Required blocks per subject: 1
[Filtering] Subjects remaining: 736 (removed 2110)
OnlineSubjectDataset initialized with following configuration:
{'Total Samples': 1454358, 'Total Subjects': 2846}
[Filtering] Required windows per batch: 4
[Filtering] Required batches per block: 24
[Filtering] Required blocks per subject: 1
[Filtering] Subjects remaining: 681 (removed 2165)
OnlineSubjectDataset initialized with following configuration:
{'Total Samples': 1454358, 'Total Subjects': 2846}
[Filtering] Required windows per batch: 4
[Filtering] Required batches per block: 25
[Filtering] Required blocks per subject: 1
[Filtering] Subjects remaining: 658 (removed 2188)
OnlineSubjectDataset initialized with following configuration:
{'Total Samples': 1454358, 'Total Subjects': 2846}
[Filtering] Required windows per batch: 4
[Filtering] Required batches per block: 26
[Filtering] Required blocks per subject: 1
[Filtering] Subjects remaining: 623 (removed 2223)
OnlineSubjectDataset initialized with following configuration:
{'Total Samples': 1454358, 'Total Subjects': 2846}
[Filtering] Required windows per batch: 4
[Filtering] Required batches per block: 27
[Filtering] Required blocks per subject: 1
[Filtering] Subjects remaining: 593 (removed 2253)
OnlineSubjectDataset initialized with following configuration:
{'Total Samples': 1454358, 'Total Subjects': 2846}
[Filtering] Required windows per batch: 4
[Filtering] Required batches per block: 28
[Filtering] Required blocks per subject: 1
OnlineSubjectDataset initialized with following configuration:
{'Total Samples': 1454358, 'Total Subjects': 2846}
[Filtering] Required windows per batch: 4
[Filtering] Required batches per block: 18
[Filtering] Required blocks per subject: 6
[Filtering] Subjects remaining: 46 (removed 2800)
OnlineSubjectDataset initialized with following configuration:
{'Total Samples': 1454358, 'Total Subjects': 2846}
[Filtering] Required windows per batch: 4
[Filtering] Required batches per block: 19
[Filtering] Required blocks per subject: 6
[Filtering] Subjects remaining: 34 (removed 2812)
OnlineSubjectDataset initialized with following configuration:
{'Total Samples': 1454358, 'Total Subjects': 2846}
[Filtering] Required windows per batch: 4
[Filtering] Required batches per block: 20
[Filtering] Required blocks per subject: 6
[Filtering] Subjects remaining: 28 (removed 2818)
OnlineSubjectDataset initialized with following configuration:
{'Total Samples': 1454358, 'Total Subjects': 2846}
[Filtering] Required windows per batch: 4
[Filtering] Required batches per block: 21
[Filtering] Required blocks per subject: 6
[Filtering] Subjects remaining: 20 (removed 2826)
OnlineSubjectDataset initialized with following configuration:
{'Total Samples': 1454358, 'Total Subjects': 2846}
[Filtering] Required windows per batch: 4
[Filtering] Required batches per block: 22
[Filtering] Required blocks per subject: 6
[Filtering] Subjects remaining: 15 (removed 2831)
OnlineSubjectDataset initialized with following configuration:
{'Total Samples': 1454358, 'Total Subjects': 2846}
[Filtering] Required windows per batch: 4
[Filtering] Required batches per block: 23
[Filtering] Required blocks per subject: 6
[Filtering] Subjects remaining: 11 (removed 2835)
OnlineSubjectDataset initialized with following configuration:
{'Total Samples': 1454358, 'Total Subjects': 2846}
[Filtering] Required windows per batch: 4
[Filtering] Required batches per block: 24
[Filtering] Required blocks per subject: 6
[Filtering] Subjects remaining: 10 (removed 2836)
OnlineSubjectDataset initialized with following configuration:
{'Total Samples': 1454358, 'Total Subjects': 2846}
[Filtering] Required windows per batch: 4
[Filtering] Required batches per block: 25
[Filtering] Required blocks per subject: 6
[Filtering] Subjects remaining: 9 (removed 2837)
OnlineSubjectDataset initialized with following configuration:
{'Total Samples': 1454358, 'Total Subjects': 2846}
[Filtering] Required windows per batch: 4
[Filtering] Required batches per block: 26
[Filtering] Required blocks per subject: 6
[Filtering] Subjects remaining: 7 (removed 2839)
OnlineSubjectDataset initialized with following configuration:
{'Total Samples': 1454358, 'Total Subjects': 2846}
[Filtering] Required windows per batch: 4
[Filtering] Required batches per block: 27
[Filtering] Required blocks per subject: 6
[Filtering] Subjects remaining: 6 (removed 2840)
OnlineSubjectDataset initialized with following configuration:
{'Total Samples': 1454358, 'Total Subjects': 2846}
[Filtering] Required windows per batch: 4
[Filtering] Required batches per block: 28
[Filtering] Required blocks per subject: 6
[Filtering] Subjects remaining: 6 (removed 2840)
OnlineSubjectDataset initialized with following configuration:
{'Total Samples': 1454358, 'Total Subjects': 2846}
[Filtering] Required windows per batch: 4
[Filtering] Required batches per block: 29
[Filtering] Required blocks per subject: 6
[Filtering] Subjects remaining: 3 (removed 2843)
OnlineSubjectDataset initialized with following configuration:
{'Total Samples': 1454358, 'Total Subjects': 2846}
[Filtering] Required windows per batch: 4
[Filtering] Required batches per block: 30
[Filtering] Required blocks per subject: 6
[Filtering] Subjects remaining: 3 (removed 2843)
OnlineSubjectDataset initialized with following configuration:
{'Total Samples': 1454358, 'Total Subjects': 2846}
[Filtering] Required windows per batch: 4
[Filtering] Required batches per block: 31
[Filtering] Required blocks per subject: 6
[Filtering] Subjects remaining: 3 (removed 2843)
OnlineSubjectDataset initialized with following configuration:
{'Total Samples': 1454358, 'Total Subjects': 2846}
[Filtering] Required windows per batch: 4
[Filtering] Required batches per block: 32
[Filtering] Required blocks per subject: 6
[Filtering] Subjects remaining: 3 (removed 2843)
OnlineSubjectDataset initialized with following configuration:
{'Total Samples': 1454358, 'Total Subjects': 2846}
[Filtering] Required windows per batch: 4
[Filtering] Required batches per block: 33
[Filtering] Required blocks per subject: 6
[Filtering] Subjects remaining: 2 (removed 2844)
OnlineSubjectDataset initialized with following configuration:
{'Total Samples': 1454358, 'Total Subjects': 2846}
[Filtering] Required windows per batch: 4
[Filtering] Required batches per block: 34
[Filtering] Required blocks per subject: 6
[Filtering] Subjects remaining: 2 (removed 2844)
OnlineSubjectDataset initialized with following configuration:
{'Total Samples': 1454358, 'Total Subjects': 2846}
[Filtering] Required windows per batch: 4
[Filtering] Required batches per block: 35
[Filtering] Required blocks per subject: 6
[Filtering] Subjects remaining: 1 (removed 2845)
OnlineSubjectDataset initialized with following configuration:
{'Total Samples': 1454358, 'Total Subjects': 2846}
[Filtering] Required windows per batch: 4
[Filtering] Required batches per block: 36
[Filtering] Required blocks per subject: 6
[Filtering] Subjects remaining: 1 (removed 2845)
OnlineSubjectDataset initialized with following configuration:
{'Total Samples': 1454358, 'Total Subjects': 2846}
[Filtering] Required windows per batch: 4
[Filtering] Required batches per block: 37
[Filtering] Required blocks per subject: 6
[Filtering] Subjects remaining: 1 (removed 2845)
OnlineSubjectDataset initialized with following configuration:
{'Total Samples': 1454358, 'Total Subjects': 2846}
[Filtering] Required windows per batch: 4
[Filtering] Required batches per block: 38
[Filtering] Required blocks per subject: 6
[Filtering] Subjects remaining: 1 (removed 2845)
OnlineSubjectDataset initialized with following configuration:
{'Total Samples': 1454358, 'Total Subjects': 2846}
[Filtering] Required windows per batch: 4
[Filtering] Required batches per block: 39
[Filtering] Required blocks per subject: 6
[Filtering] Subjects remaining: 1 (removed 2845)
OnlineSubjectDataset initialized with following configuration:
{'Total Samples': 1454358, 'Total Subjects': 2846}
[Filtering] Required windows per batch: 4
[Filtering] Required batches per block: 40
[Filtering] Required blocks per subject: 6
[Filtering] Subjects remaining: 1 (removed 2845)
OnlineSubjectDataset initialized with following configuration:
{'Total Samples': 1454358, 'Total Subjects': 2846}
[Filtering] Required windows per batch: 4
[Filtering] Required batches per block: 41
[Filtering] Required blocks per subject: 6
[Filtering] Subjects remaining: 1 (removed 2845)
OnlineSubjectDataset initialized with following configuration:
{'Total Samples': 1454358, 'Total Subjects': 2846}
[Filtering] Required windows per batch: 4
[Filtering] Required batches per block: 42
[Filtering] Required blocks per subject: 6
[Filtering] Subjects remaining: 1 (removed 2845)
OnlineSubjectDataset initialized with following configuration:
{'Total Samples': 1454358, 'Total Subjects': 2846}
[Filtering] Required windows per batch: 4
[Filtering] Required batches per block: 43
[Filtering] Required blocks per subject: 6
[Filtering] Subjects remaining: 0 (removed 2846)
OnlineSubjectDataset initialized with following configuration:
{'Total Samples': 1454358, 'Total Subjects': 2846}
[Filtering] Required windows per batch: 4
[Filtering] Required batches per block: 44
[Filtering] Required blocks per subject: 6
[Filtering] Subjects remaining: 0 (removed 2846)
OnlineSubjectDataset initialized with following configuration:
{'Total Samples': 1454358, 'Total Subjects': 2846}
[Filtering] Required windows per batch: 4
[Filtering] Required batches per block: 45
[Filtering] Required blocks per subject: 6
[Filtering] Subjects remaining: 0 (removed 2846)
OnlineSubjectDataset initialized with following configuration:
{'Total Samples': 1454358, 'Total Subjects': 2846}
[Filtering] Required windows per batch: 4
[Filtering] Required batches per block: 38
[Filtering] Required blocks per subject: 4
[Filtering] Subjects remaining: 12 (removed 2834)
OnlineSubjectDataset initialized with following configuration:
{'Total Samples': 1454358, 'Total Subjects': 2846}
[Filtering] Required windows per batch: 4
[Filtering] Required batches per block: 39
[Filtering] Required blocks per subject: 4
[Filtering] Subjects remaining: 10 (removed 2836)
OnlineSubjectDataset initialized with following configuration:
{'Total Samples': 1454358, 'Total Subjects': 2846}
[Filtering] Required windows per batch: 4
[Filtering] Required batches per block: 40
[Filtering] Required blocks per subject: 4
[Filtering] Subjects remaining: 8 (removed 2838)
OnlineSubjectDataset initialized with following configuration:
{'Total Samples': 1454358, 'Total Subjects': 2846}
[Filtering] Required windows per batch: 4
[Filtering] Required batches per block: 41
[Filtering] Required blocks per subject: 4
[Filtering] Subjects remaining: 8 (removed 2838)
OnlineSubjectDataset initialized with following configuration:
{'Total Samples': 1454358, 'Total Subjects': 2846}
[Filtering] Required windows per batch: 4
[Filtering] Required batches per block: 42
[Filtering] Required blocks per subject: 4
[Filtering] Subjects remaining: 7 (removed 2839)
OnlineSubjectDataset initialized with following configuration:
{'Total Samples': 1454358, 'Total Subjects': 2846}
[Filtering] Required windows per batch: 4
[Filtering] Required batches per block: 43
[Filtering] Required blocks per subject: 4
[Filtering] Subjects remaining: 5 (removed 2841)
OnlineSubjectDataset initialized with following configuration:
{'Total Samples': 1454358, 'Total Subjects': 2846}
[Filtering] Required windows per batch: 4
[Filtering] Required batches per block: 44
[Filtering] Required blocks per subject: 4
[Filtering] Subjects remaining: 4 (removed 2842)
OnlineSubjectDataset initialized with following configuration:
{'Total Samples': 1454358, 'Total Subjects': 2846}
[Filtering] Required windows per batch: 4
[Filtering] Required batches per block: 45
[Filtering] Required blocks per subject: 4
[Filtering] Subjects remaining: 3 (removed 2843)
OnlineSubjectDataset initialized with following configuration:
{'Total Samples': 1454358, 'Total Subjects': 2846}
[Filtering] Required windows per batch: 4
[Filtering] Required batches per block: 46
[Filtering] Required blocks per subject: 4
[Filtering] Subjects remaining: 3 (removed 2843)
OnlineSubjectDataset initialized with following configuration:
{'Total Samples': 1454358, 'Total Subjects': 2846}
[Filtering] Required windows per batch: 4
[Filtering] Required batches per block: 47
[Filtering] Required blocks per subject: 4
[Filtering] Subjects remaining: 2 (removed 2844)
OnlineSubjectDataset initialized with following configuration:
{'Total Samples': 1454358, 'Total Subjects': 2846}
[Filtering] Required windows per batch: 4
[Filtering] Required batches per block: 48
[Filtering] Required blocks per subject: 4
[Filtering] Subjects remaining: 2 (removed 2844)
OnlineSubjectDataset initialized with following configuration:
{'Total Samples': 1454358, 'Total Subjects': 2846}
[Filtering] Required windows per batch: 4
[Filtering] Required batches per block: 49
[Filtering] Required blocks per subject: 4
[Filtering] Subjects remaining: 2 (removed 2844)
OnlineSubjectDataset initialized with following configuration:
{'Total Samples': 1454358, 'Total Subjects': 2846}
[Filtering] Required windows per batch: 4
[Filtering] Required batches per block: 50
[Filtering] Required blocks per subject: 4
[Filtering] Subjects remaining: 1 (removed 2845)
OnlineSubjectDataset initialized with following configuration:
{'Total Samples': 1454358, 'Total Subjects': 2846}
[Filtering] Required windows per batch: 4
[Filtering] Required batches per block: 51
[Filtering] Required blocks per subject: 4
[Filtering] Subjects remaining: 1 (removed 2845)
OnlineSubjectDataset initialized with following configuration:
{'Total Samples': 1454358, 'Total Subjects': 2846}
[Filtering] Required windows per batch: 4
[Filtering] Required batches per block: 52
[Filtering] Required blocks per subject: 4
[Filtering] Subjects remaining: 1 (removed 2845)
OnlineSubjectDataset initialized with following configuration:
{'Total Samples': 1454358, 'Total Subjects': 2846}
[Filtering] Required windows per batch: 4
[Filtering] Required batches per block: 53
[Filtering] Required blocks per subject: 4
[Filtering] Subjects remaining: 1 (removed 2845)
OnlineSubjectDataset initialized with following configuration:
{'Total Samples': 1454358, 'Total Subjects': 2846}
[Filtering] Required windows per batch: 4
[Filtering] Required batches per block: 54
[Filtering] Required blocks per subject: 4
[Filtering] Subjects remaining: 1 (removed 2845)
OnlineSubjectDataset initialized with following configuration:
{'Total Samples': 1454358, 'Total Subjects': 2846}
[Filtering] Required windows per batch: 4
[Filtering] Required batches per block: 55
[Filtering] Required blocks per subject: 4
[Filtering] Subjects remaining: 1 (removed 2845)
OnlineSubjectDataset initialized with following configuration:
{'Total Samples': 1454358, 'Total Subjects': 2846}
[Filtering] Required windows per batch: 4
[Filtering] Required batches per block: 56
[Filtering] Required blocks per subject: 4
[Filtering] Subjects remaining: 1 (removed 2845)
OnlineSubjectDataset initialized with following configuration:
{'Total Samples': 1454358, 'Total Subjects': 2846}
[Filtering] Required windows per batch: 4
[Filtering] Required batches per block: 57
[Filtering] Required blocks per subject: 4
[Filtering] Subjects remaining: 1 (removed 2845)
OnlineSubjectDataset initialized with following configuration:
{'Total Samples': 1454358, 'Total Subjects': 2846}
[Filtering] Required windows per batch: 4
[Filtering] Required batches per block: 58
[Filtering] Required blocks per subject: 4
[Filtering] Subjects remaining: 1 (removed 2845)
OnlineSubjectDataset initialized with following configuration:
{'Total Samples': 1454358, 'Total Subjects': 2846}
[Filtering] Required windows per batch: 4
[Filtering] Required batches per block: 59
[Filtering] Required blocks per subject: 4
[Filtering] Subjects remaining: 1 (removed 2845)
OnlineSubjectDataset initialized with following configuration:
{'Total Samples': 1454358, 'Total Subjects': 2846}
[Filtering] Required windows per batch: 4
[Filtering] Required batches per block: 60
[Filtering] Required blocks per subject: 4
[Filtering] Subjects remaining: 1 (removed 2845)
OnlineSubjectDataset initialized with following configuration:
{'Total Samples': 1454358, 'Total Subjects': 2846}
[Filtering] Required windows per batch: 4
[Filtering] Required batches per block: 61
[Filtering] Required blocks per subject: 4
[Filtering] Subjects remaining: 1 (removed 2845)
OnlineSubjectDataset initialized with following configuration:
{'Total Samples': 1454358, 'Total Subjects': 2846}
[Filtering] Required windows per batch: 4
[Filtering] Required batches per block: 62
[Filtering] Required blocks per subject: 4
[Filtering] Subjects remaining: 1 (removed 2845)
OnlineSubjectDataset initialized with following configuration:
{'Total Samples': 1454358, 'Total Subjects': 2846}
[Filtering] Required windows per batch: 4
[Filtering] Required batches per block: 63
[Filtering] Required blocks per subject: 4
[Filtering] Subjects remaining: 1 (removed 2845)
OnlineSubjectDataset initialized with following configuration:
{'Total Samples': 1454358, 'Total Subjects': 2846}
[Filtering] Required windows per batch: 4
[Filtering] Required batches per block: 64
[Filtering] Required blocks per subject: 4
[Filtering] Subjects remaining: 1 (removed 2845)
OnlineSubjectDataset initialized with following configuration:
{'Total Samples': 1454358, 'Total Subjects': 2846}
[Filtering] Required windows per batch: 4
[Filtering] Required batches per block: 65
[Filtering] Required blocks per subject: 4
[Filtering] Subjects remaining: 1 (removed 2845)
OnlineSubjectDataset initialized with following configuration:
{'Total Samples': 1454358, 'Total Subjects': 2846}
[Filtering] Required windows per batch: 4
[Filtering] Required batches per block: 55
[Filtering] Required blocks per subject: 9
[Filtering] Subjects remaining: 0 (removed 2846)
OnlineSubjectDataset initialized with following configuration:
{'Total Samples': 1454358, 'Total Subjects': 2846}
[Filtering] Required windows per batch: 4
[Filtering] Required batches per block: 56
[Filtering] Required blocks per subject: 9
[Filtering] Subjects remaining: 0 (removed 2846)
OnlineSubjectDataset initialized with following configuration:
{'Total Samples': 1454358, 'Total Subjects': 2846}
[Filtering] Required windows per batch: 4
[Filtering] Required batches per block: 57
[Filtering] Required blocks per subject: 9
[Filtering] Subjects remaining: 0 (removed 2846)
OnlineSubjectDataset initialized with following configuration:
{'Total Samples': 1454358, 'Total Subjects': 2846}
[Filtering] Required windows per batch: 4
[Filtering] Required batches per block: 58
[Filtering] Required blocks per subject: 9
[Filtering] Subjects remaining: 0 (removed 2846)
OnlineSubjectDataset initialized with following configuration:
{'Total Samples': 1454358, 'Total Subjects': 2846}
[Filtering] Required windows per batch: 4
[Filtering] Required batches per block: 59
[Filtering] Required blocks per subject: 9
[Filtering] Subjects remaining: 0 (removed 2846)
OnlineSubjectDataset initialized with following configuration:
{'Total Samples': 1454358, 'Total Subjects': 2846}
[Filtering] Required windows per batch: 4
[Filtering] Required batches per block: 60
[Filtering] Required blocks per subject: 9
[Filtering] Subjects remaining: 0 (removed 2846)
OnlineSubjectDataset initialized with following configuration:
{'Total Samples': 1454358, 'Total Subjects': 2846}
[Filtering] Required windows per batch: 4
[Filtering] Required batches per block: 61
[Filtering] Required blocks per subject: 9
[Filtering] Subjects remaining: 0 (removed 2846)
OnlineSubjectDataset initialized with following configuration:
{'Total Samples': 1454358, 'Total Subjects': 2846}
[Filtering] Required windows per batch: 4
[Filtering] Required batches per block: 62
[Filtering] Required blocks per subject: 9
[Filtering] Subjects remaining: 0 (removed 2846)
OnlineSubjectDataset initialized with following configuration:
{'Total Samples': 1454358, 'Total Subjects': 2846}
[Filtering] Required windows per batch: 4
[Filtering] Required batches per block: 63
[Filtering] Required blocks per subject: 9
[Filtering] Subjects remaining: 0 (removed 2846)
OnlineSubjectDataset initialized with following configuration:
{'Total Samples': 1454358, 'Total Subjects': 2846}
[Filtering] Required windows per batch: 4
[Filtering] Required batches per block: 64
[Filtering] Required blocks per subject: 9
[Filtering] Subjects remaining: 0 (removed 2846)
OnlineSubjectDataset initialized with following configuration:
{'Total Samples': 1454358, 'Total Subjects': 2846}
[Filtering] Required windows per batch: 4
[Filtering] Required batches per block: 65
[Filtering] Required blocks per subject: 9
[Filtering] Subjects remaining: 0 (removed 2846)
OnlineSubjectDataset initialized with following configuration:
{'Total Samples': 1454358, 'Total Subjects': 2846}
[Filtering] Required windows per batch: 4
[Filtering] Required batches per block: 66
[Filtering] Required blocks per subject: 9
[Filtering] Subjects remaining: 0 (removed 2846)
OnlineSubjectDataset initialized with following configuration:
{'Total Samples': 1454358, 'Total Subjects': 2846}
[Filtering] Required windows per batch: 4
[Filtering] Required batches per block: 67
[Filtering] Required blocks per subject: 9
[Filtering] Subjects remaining: 0 (removed 2846)
OnlineSubjectDataset initialized with following configuration:
{'Total Samples': 1454358, 'Total Subjects': 2846}
[Filtering] Required windows per batch: 4
[Filtering] Required batches per block: 68
[Filtering] Required blocks per subject: 9
[Filtering] Subjects remaining: 0 (removed 2846)
OnlineSubjectDataset initialized with following configuration:
{'Total Samples': 1454358, 'Total Subjects': 2846}
[Filtering] Required windows per batch: 4
[Filtering] Required batches per block: 69
[Filtering] Required blocks per subject: 9
[Filtering] Subjects remaining: 0 (removed 2846)
OnlineSubjectDataset initialized with following configuration:
{'Total Samples': 1454358, 'Total Subjects': 2846}
[Filtering] Required windows per batch: 4
[Filtering] Required batches per block: 70
[Filtering] Required blocks per subject: 9
[Filtering] Subjects remaining: 0 (removed 2846)
OnlineSubjectDataset initialized with following configuration:
{'Total Samples': 1454358, 'Total Subjects': 2846}
[Filtering] Required windows per batch: 4
[Filtering] Required batches per block: 71
[Filtering] Required blocks per subject: 9
[Filtering] Subjects remaining: 0 (removed 2846)
OnlineSubjectDataset initialized with following configuration:
{'Total Samples': 1454358, 'Total Subjects': 2846}
[Filtering] Required windows per batch: 4
[Filtering] Required batches per block: 72
[Filtering] Required blocks per subject: 9
[Filtering] Subjects remaining: 0 (removed 2846)
OnlineSubjectDataset initialized with following configuration:
{'Total Samples': 1454358, 'Total Subjects': 2846}
[Filtering] Required windows per batch: 4
[Filtering] Required batches per block: 73
[Filtering] Required blocks per subject: 9
[Filtering] Subjects remaining: 0 (removed 2846)
OnlineSubjectDataset initialized with following configuration:
{'Total Samples': 1454358, 'Total Subjects': 2846}
[Filtering] Required windows per batch: 4
[Filtering] Required batches per block: 74
[Filtering] Required blocks per subject: 9
[Filtering] Subjects remaining: 0 (removed 2846)
OnlineSubjectDataset initialized with following configuration:
{'Total Samples': 1454358, 'Total Subjects': 2846}
[Filtering] Required windows per batch: 4
[Filtering] Required batches per block: 75
[Filtering] Required blocks per subject: 9
[Filtering] Subjects remaining: 0 (removed 2846)
OnlineSubjectDataset initialized with following configuration:
{'Total Samples': 1454358, 'Total Subjects': 2846}
[Filtering] Required windows per batch: 4
[Filtering] Required batches per block: 76
[Filtering] Required blocks per subject: 9
[Filtering] Subjects remaining: 0 (removed 2846)
OnlineSubjectDataset initialized with following configuration:
{'Total Samples': 1454358, 'Total Subjects': 2846}
[Filtering] Required windows per batch: 4
[Filtering] Required batches per block: 77
[Filtering] Required blocks per subject: 9
[Filtering] Subjects remaining: 0 (removed 2846)
OnlineSubjectDataset initialized with following configuration:
{'Total Samples': 1454358, 'Total Subjects': 2846}
[Filtering] Required windows per batch: 4
[Filtering] Required batches per block: 1
[Filtering] Required blocks per subject: 10
[Filtering] Subjects remaining: 2174 (removed 672)
OnlineSubjectDataset initialized with following configuration:
{'Total Samples': 1454358, 'Total Subjects': 2846}
[Filtering] Required windows per batch: 4
[Filtering] Required batches per block: 2
[Filtering] Required blocks per subject: 10
[Filtering] Subjects remaining: 1655 (removed 1191)
OnlineSubjectDataset initialized with following configuration:
{'Total Samples': 1454358, 'Total Subjects': 2846}
[Filtering] Required windows per batch: 4
[Filtering] Required batches per block: 3
[Filtering] Required blocks per subject: 10
[Filtering] Subjects remaining: 1173 (removed 1673)
OnlineSubjectDataset initialized with following configuration:
{'Total Samples': 1454358, 'Total Subjects': 2846}
[Filtering] Required windows per batch: 4
[Filtering] Required batches per block: 4
[Filtering] Required blocks per subject: 10
[Filtering] Subjects remaining: 791 (removed 2055)
OnlineSubjectDataset initialized with following configuration:
{'Total Samples': 1454358, 'Total Subjects': 2846}
[Filtering] Required windows per batch: 4
[Filtering] Required batches per block: 5
[Filtering] Required blocks per subject: 10
[Filtering] Subjects remaining: 547 (removed 2299)
OnlineSubjectDataset initialized with following configuration:
{'Total Samples': 1454358, 'Total Subjects': 2846}
[Filtering] Required windows per batch: 4
[Filtering] Required batches per block: 15
[Filtering] Required blocks per subject: 13
[Filtering] Subjects remaining: 3 (removed 2843)
OnlineSubjectDataset initialized with following configuration:
{'Total Samples': 1454358, 'Total Subjects': 2846}
[Filtering] Required windows per batch: 4
[Filtering] Required batches per block: 16
[Filtering] Required blocks per subject: 13
[Filtering] Subjects remaining: 2 (removed 2844)
OnlineSubjectDataset initialized with following configuration:
{'Total Samples': 1454358, 'Total Subjects': 2846}
[Filtering] Required windows per batch: 4
[Filtering] Required batches per block: 17
[Filtering] Required blocks per subject: 13
[Filtering] Subjects remaining: 0 (removed 2846)
OnlineSubjectDataset initialized with following configuration:
{'Total Samples': 1454358, 'Total Subjects': 2846}
[Filtering] Required windows per batch: 4
[Filtering] Required batches per block: 18
[Filtering] Required blocks per subject: 13
[Filtering] Subjects remaining: 0 (removed 2846)
OnlineSubjectDataset initialized with following configuration:
{'Total Samples': 1454358, 'Total Subjects': 2846}
[Filtering] Required windows per batch: 4
[Filtering] Required batches per block: 19
[Filtering] Required blocks per subject: 13
[Filtering] Subjects remaining: 0 (removed 2846)
OnlineSubjectDataset initialized with following configuration:
{'Total Samples': 1454358, 'Total Subjects': 2846}
[Filtering] Required windows per batch: 4
[Filtering] Required batches per block: 20
[Filtering] Required blocks per subject: 13
[Filtering] Subjects remaining: 0 (removed 2846)
OnlineSubjectDataset initialized with following configuration:
{'Total Samples': 1454358, 'Total Subjects': 2846}
[Filtering] Required windows per batch: 4
[Filtering] Required batches per block: 21
[Filtering] Required blocks per subject: 13
[Filtering] Subjects remaining: 0 (removed 2846)
OnlineSubjectDataset initialized with following configuration:
{'Total Samples': 1454358, 'Total Subjects': 2846}
[Filtering] Required windows per batch: 4
[Filtering] Required batches per block: 22
[Filtering] Required blocks per subject: 13
[Filtering] Subjects remaining: 0 (removed 2846)
OnlineSubjectDataset initialized with following configuration:
{'Total Samples': 1454358, 'Total Subjects': 2846}
[Filtering] Required windows per batch: 4
[Filtering] Required batches per block: 23
[Filtering] Required blocks per subject: 13
[Filtering] Subjects remaining: 0 (removed 2846)
OnlineSubjectDataset initialized with following configuration:
{'Total Samples': 1454358, 'Total Subjects': 2846}
[Filtering] Required windows per batch: 4
[Filtering] Required batches per block: 24
[Filtering] Required blocks per subject: 13
[Filtering] Subjects remaining: 0 (removed 2846)
OnlineSubjectDataset initialized with following configuration:
{'Total Samples': 1454358, 'Total Subjects': 2846}
[Filtering] Required windows per batch: 4
[Filtering] Required batches per block: 25
[Filtering] Required blocks per subject: 13
[Filtering] Subjects remaining: 0 (removed 2846)
OnlineSubjectDataset initialized with following configuration:
{'Total Samples': 1454358, 'Total Subjects': 2846}
[Filtering] Required windows per batch: 4
[Filtering] Required batches per block: 26
[Filtering] Required blocks per subject: 13
[Filtering] Subjects remaining: 0 (removed 2846)
OnlineSubjectDataset initialized with following configuration:
{'Total Samples': 1454358, 'Total Subjects': 2846}
[Filtering] Required windows per batch: 4
[Filtering] Required batches per block: 27
[Filtering] Required blocks per subject: 13
[Filtering] Subjects remaining: 0 (removed 2846)
OnlineSubjectDataset initialized with following configuration:
{'Total Samples': 1454358, 'Total Subjects': 2846}
[Filtering] Required windows per batch: 4
[Filtering] Required batches per block: 28
[Filtering] Required blocks per subject: 13
[Filtering] Subjects remaining: 0 (removed 2846)
OnlineSubjectDataset initialized with following configuration:
{'Total Samples': 1454358, 'Total Subjects': 2846}
[Filtering] Required windows per batch: 4
[Filtering] Required batches per block: 29
[Filtering] Required blocks per subject: 13
[Filtering] Subjects remaining: 0 (removed 2846)
OnlineSubjectDataset initialized with following configuration:
{'Total Samples': 1454358, 'Total Subjects': 2846}
[Filtering] Required windows per batch: 4
[Filtering] Required batches per block: 30
[Filtering] Required blocks per subject: 13
[Filtering] Subjects remaining: 0 (removed 2846)
OnlineSubjectDataset initialized with following configuration:
{'Total Samples': 1454358, 'Total Subjects': 2846}
[Filtering] Required windows per batch: 4
[Filtering] Required batches per block: 31
[Filtering] Required blocks per subject: 13
[Filtering] Subjects remaining: 0 (removed 2846)
OnlineSubjectDataset initialized with following configuration:
{'Total Samples': 1454358, 'Total Subjects': 2846}
[Filtering] Required windows per batch: 4
[Filtering] Required batches per block: 32
[Filtering] Required blocks per subject: 13
[Filtering] Subjects remaining: 0 (removed 2846)
OnlineSubjectDataset initialized with following configuration:
{'Total Samples': 1454358, 'Total Subjects': 2846}
[Filtering] Required windows per batch: 4
[Filtering] Required batches per block: 33
[Filtering] Required blocks per subject: 13
[Filtering] Subjects remaining: 0 (removed 2846)
OnlineSubjectDataset initialized with following configuration:
{'Total Samples': 1454358, 'Total Subjects': 2846}
[Filtering] Required windows per batch: 4
[Filtering] Required batches per block: 34
[Filtering] Required blocks per subject: 13
[Filtering] Subjects remaining: 0 (removed 2846)
OnlineSubjectDataset initialized with following configuration:
{'Total Samples': 1454358, 'Total Subjects': 2846}
[Filtering] Required windows per batch: 4
[Filtering] Required batches per block: 35
[Filtering] Required blocks per subject: 13
[Filtering] Subjects remaining: 0 (removed 2846)
OnlineSubjectDataset initialized with following configuration:
{'Total Samples': 1454358, 'Total Subjects': 2846}
[Filtering] Required windows per batch: 4
[Filtering] Required batches per block: 36
[Filtering] Required blocks per subject: 13
[Filtering] Subjects remaining: 0 (removed 2846)
OnlineSubjectDataset initialized with following configuration:
{'Total Samples': 1454358, 'Total Subjects': 2846}
[Filtering] Required windows per batch: 4
[Filtering] Required batches per block: 37
[Filtering] Required blocks per subject: 13
[Filtering] Subjects remaining: 0 (removed 2846)
OnlineSubjectDataset initialized with following configuration:
{'Total Samples': 1454358, 'Total Subjects': 2846}
[Filtering] Required windows per batch: 4
[Filtering] Required batches per block: 38
[Filtering] Required blocks per subject: 13
[Filtering] Subjects remaining: 0 (removed 2846)
OnlineSubjectDataset initialized with following configuration:
{'Total Samples': 1454358, 'Total Subjects': 2846}
[Filtering] Required windows per batch: 4
[Filtering] Required batches per block: 39
[Filtering] Required blocks per subject: 13
[Filtering] Subjects remaining: 0 (removed 2846)
OnlineSubjectDataset initialized with following configuration:
{'Total Samples': 1454358, 'Total Subjects': 2846}
[Filtering] Required windows per batch: 4
[Filtering] Required batches per block: 40
[Filtering] Required blocks per subject: 13
[Filtering] Subjects remaining: 0 (removed 2846)
OnlineSubjectDataset initialized with following configuration:
{'Total Samples': 1454358, 'Total Subjects': 2846}
[Filtering] Required windows per batch: 4
[Filtering] Required batches per block: 41
[Filtering] Required blocks per subject: 13
[Filtering] Subjects remaining: 0 (removed 2846)
OnlineSubjectDataset initialized with following configuration:
{'Total Samples': 1454358, 'Total Subjects': 2846}
[Filtering] Required windows per batch: 4
[Filtering] Required batches per block: 42
[Filtering] Required blocks per subject: 13
[Filtering] Subjects remaining: 0 (removed 2846)
OnlineSubjectDataset initialized with following configuration:
{'Total Samples': 1454358, 'Total Subjects': 2846}
[Filtering] Required windows per batch: 4
[Filtering] Required batches per block: 52
[Filtering] Required blocks per subject: 16
[Filtering] Subjects remaining: 0 (removed 2846)
OnlineSubjectDataset initialized with following configuration:
{'Total Samples': 1454358, 'Total Subjects': 2846}
[Filtering] Required windows per batch: 4
[Filtering] Required batches per block: 53
[Filtering] Required blocks per subject: 16
[Filtering] Subjects remaining: 0 (removed 2846)
OnlineSubjectDataset initialized with following configuration:
{'Total Samples': 1454358, 'Total Subjects': 2846}
[Filtering] Required windows per batch: 4
[Filtering] Required batches per block: 54
[Filtering] Required blocks per subject: 16
[Filtering] Subjects remaining: 0 (removed 2846)
OnlineSubjectDataset initialized with following configuration:
{'Total Samples': 1454358, 'Total Subjects': 2846}
[Filtering] Required windows per batch: 4
[Filtering] Required batches per block: 55
[Filtering] Required blocks per subject: 16
[Filtering] Subjects remaining: 0 (removed 2846)
OnlineSubjectDataset initialized with following configuration:
{'Total Samples': 1454358, 'Total Subjects': 2846}
[Filtering] Required windows per batch: 4
[Filtering] Required batches per block: 56
[Filtering] Required blocks per subject: 16
[Filtering] Subjects remaining: 0 (removed 2846)
OnlineSubjectDataset initialized with following configuration:
{'Total Samples': 1454358, 'Total Subjects': 2846}
[Filtering] Required windows per batch: 4
[Filtering] Required batches per block: 57
[Filtering] Required blocks per subject: 16
[Filtering] Subjects remaining: 0 (removed 2846)
OnlineSubjectDataset initialized with following configuration:
{'Total Samples': 1454358, 'Total Subjects': 2846}
[Filtering] Required windows per batch: 4
[Filtering] Required batches per block: 58
[Filtering] Required blocks per subject: 16
[Filtering] Subjects remaining: 0 (removed 2846)
OnlineSubjectDataset initialized with following configuration:
{'Total Samples': 1454358, 'Total Subjects': 2846}
[Filtering] Required windows per batch: 4
[Filtering] Required batches per block: 59
[Filtering] Required blocks per subject: 16
[Filtering] Subjects remaining: 0 (removed 2846)
OnlineSubjectDataset initialized with following configuration:
{'Total Samples': 1454358, 'Total Subjects': 2846}
[Filtering] Required windows per batch: 4
[Filtering] Required batches per block: 60
[Filtering] Required blocks per subject: 16
[Filtering] Subjects remaining: 0 (removed 2846)
OnlineSubjectDataset initialized with following configuration:
{'Total Samples': 1454358, 'Total Subjects': 2846}
[Filtering] Required windows per batch: 4
[Filtering] Required batches per block: 61
[Filtering] Required blocks per subject: 16
[Filtering] Subjects remaining: 0 (removed 2846)
OnlineSubjectDataset initialized with following configuration:
{'Total Samples': 1454358, 'Total Subjects': 2846}
[Filtering] Required windows per batch: 4
[Filtering] Required batches per block: 62
[Filtering] Required blocks per subject: 16
[Filtering] Subjects remaining: 0 (removed 2846)
OnlineSubjectDataset initialized with following configuration:
{'Total Samples': 1454358, 'Total Subjects': 2846}
[Filtering] Required windows per batch: 4
[Filtering] Required batches per block: 63
[Filtering] Required blocks per subject: 16
[Filtering] Subjects remaining: 0 (removed 2846)
OnlineSubjectDataset initialized with following configuration:
{'Total Samples': 1454358, 'Total Subjects': 2846}
[Filtering] Required windows per batch: 4
[Filtering] Required batches per block: 64
[Filtering] Required blocks per subject: 16
[Filtering] Subjects remaining: 0 (removed 2846)
OnlineSubjectDataset initialized with following configuration:
{'Total Samples': 1454358, 'Total Subjects': 2846}
[Filtering] Required windows per batch: 4
[Filtering] Required batches per block: 65
[Filtering] Required blocks per subject: 16
[Filtering] Subjects remaining: 0 (removed 2846)
OnlineSubjectDataset initialized with following configuration:
{'Total Samples': 1454358, 'Total Subjects': 2846}
[Filtering] Required windows per batch: 4
[Filtering] Required batches per block: 66
[Filtering] Required blocks per subject: 16
[Filtering] Subjects remaining: 0 (removed 2846)
OnlineSubjectDataset initialized with following configuration:
{'Total Samples': 1454358, 'Total Subjects': 2846}
[Filtering] Required windows per batch: 4
[Filtering] Required batches per block: 67
[Filtering] Required blocks per subject: 16
[Filtering] Subjects remaining: 0 (removed 2846)
OnlineSubjectDataset initialized with following configuration:
{'Total Samples': 1454358, 'Total Subjects': 2846}
[Filtering] Required windows per batch: 4
[Filtering] Required batches per block: 68
[Filtering] Required blocks per subject: 16
[Filtering] Subjects remaining: 0 (removed 2846)
OnlineSubjectDataset initialized with following configuration:
{'Total Samples': 1454358, 'Total Subjects': 2846}
[Filtering] Required windows per batch: 4
[Filtering] Required batches per block: 69
[Filtering] Required blocks per subject: 16
[Filtering] Subjects remaining: 0 (removed 2846)
OnlineSubjectDataset initialized with following configuration:
{'Total Samples': 1454358, 'Total Subjects': 2846}
[Filtering] Required windows per batch: 4
[Filtering] Required batches per block: 70
[Filtering] Required blocks per subject: 16
[Filtering] Subjects remaining: 0 (removed 2846)
OnlineSubjectDataset initialized with following configuration:
{'Total Samples': 1454358, 'Total Subjects': 2846}
[Filtering] Required windows per batch: 4
[Filtering] Required batches per block: 71
[Filtering] Required blocks per subject: 16
[Filtering] Subjects remaining: 0 (removed 2846)
OnlineSubjectDataset initialized with following configuration:
{'Total Samples': 1454358, 'Total Subjects': 2846}
[Filtering] Required windows per batch: 4
[Filtering] Required batches per block: 72
[Filtering] Required blocks per subject: 16
[Filtering] Subjects remaining: 0 (removed 2846)
OnlineSubjectDataset initialized with following configuration:
{'Total Samples': 1454358, 'Total Subjects': 2846}
[Filtering] Required windows per batch: 4
[Filtering] Required batches per block: 73
[Filtering] Required blocks per subject: 16
[Filtering] Subjects remaining: 0 (removed 2846)
OnlineSubjectDataset initialized with following configuration:
{'Total Samples': 1454358, 'Total Subjects': 2846}
[Filtering] Required windows per batch: 4
[Filtering] Required batches per block: 74
[Filtering] Required blocks per subject: 16
[Filtering] Subjects remaining: 0 (removed 2846)
OnlineSubjectDataset initialized with following configuration:
{'Total Samples': 1454358, 'Total Subjects': 2846}
[Filtering] Required windows per batch: 4
[Filtering] Required batches per block: 75
[Filtering] Required blocks per subject: 16
[Filtering] Subjects remaining: 0 (removed 2846)
OnlineSubjectDataset initialized with following configuration:
{'Total Samples': 1454358, 'Total Subjects': 2846}
[Filtering] Required windows per batch: 4
[Filtering] Required batches per block: 76
[Filtering] Required blocks per subject: 16
[Filtering] Subjects remaining: 0 (removed 2846)
OnlineSubjectDataset initialized with following configuration:
{'Total Samples': 1454358, 'Total Subjects': 2846}
[Filtering] Required windows per batch: 4
[Filtering] Required batches per block: 77
[Filtering] Required blocks per subject: 16
[Filtering] Subjects remaining: 0 (removed 2846)
OnlineSubjectDataset initialized with following configuration:
{'Total Samples': 1454358, 'Total Subjects': 2846}
[Filtering] Required windows per batch: 4
[Filtering] Required batches per block: 1
[Filtering] Required blocks per subject: 17
[Filtering] Subjects remaining: 1783 (removed 1063)
OnlineSubjectDataset initialized with following configuration:
{'Total Samples': 1454358, 'Total Subjects': 2846}
[Filtering] Required windows per batch: 4
[Filtering] Required batches per block: 2
[Filtering] Required blocks per subject: 17
[Filtering] Subjects remaining: 1060 (removed 1786)
OnlineSubjectDataset initialized with following configuration:
{'Total Samples': 1454358, 'Total Subjects': 2846}
[Filtering] Required windows per batch: 4
[Filtering] Required batches per block: 32
[Filtering] Required blocks per subject: 18
[Filtering] Subjects remaining: 0 (removed 2846)
OnlineSubjectDataset initialized with following configuration:
{'Total Samples': 1454358, 'Total Subjects': 2846}
[Filtering] Required windows per batch: 4
[Filtering] Required batches per block: 33
[Filtering] Required blocks per subject: 18
[Filtering] Subjects remaining: 0 (removed 2846)
OnlineSubjectDataset initialized with following configuration:
{'Total Samples': 1454358, 'Total Subjects': 2846}
[Filtering] Required windows per batch: 4
[Filtering] Required batches per block: 34
[Filtering] Required blocks per subject: 18
[Filtering] Subjects remaining: 0 (removed 2846)
OnlineSubjectDataset initialized with following configuration:
{'Total Samples': 1454358, 'Total Subjects': 2846}
[Filtering] Required windows per batch: 4
[Filtering] Required batches per block: 35
[Filtering] Required blocks per subject: 18
[Filtering] Subjects remaining: 0 (removed 2846)
OnlineSubjectDataset initialized with following configuration:
{'Total Samples': 1454358, 'Total Subjects': 2846}
[Filtering] Required windows per batch: 4
[Filtering] Required batches per block: 36
[Filtering] Required blocks per subject: 18
[Filtering] Subjects remaining: 0 (removed 2846)
OnlineSubjectDataset initialized with following configuration:
{'Total Samples': 1454358, 'Total Subjects': 2846}
[Filtering] Required windows per batch: 4
[Filtering] Required batches per block: 37
[Filtering] Required blocks per subject: 18
[Filtering] Subjects remaining: 0 (removed 2846)
OnlineSubjectDataset initialized with following configuration:
{'Total Samples': 1454358, 'Total Subjects': 2846}
[Filtering] Required windows per batch: 4
[Filtering] Required batches per block: 38
[Filtering] Required blocks per subject: 18
[Filtering] Subjects remaining: 0 (removed 2846)
OnlineSubjectDataset initialized with following configuration:
{'Total Samples': 1454358, 'Total Subjects': 2846}
[Filtering] Required windows per batch: 4
[Filtering] Required batches per block: 39
[Filtering] Required blocks per subject: 18
[Filtering] Subjects remaining: 0 (removed 2846)
OnlineSubjectDataset initialized with following configuration:
{'Total Samples': 1454358, 'Total Subjects': 2846}
[Filtering] Required windows per batch: 4
[Filtering] Required batches per block: 40
[Filtering] Required blocks per subject: 18
[Filtering] Subjects remaining: 0 (removed 2846)
OnlineSubjectDataset initialized with following configuration:
{'Total Samples': 1454358, 'Total Subjects': 2846}
[Filtering] Required windows per batch: 4
[Filtering] Required batches per block: 41
[Filtering] Required blocks per subject: 18
[Filtering] Subjects remaining: 0 (removed 2846)
OnlineSubjectDataset initialized with following configuration:
{'Total Samples': 1454358, 'Total Subjects': 2846}
[Filtering] Required windows per batch: 4
[Filtering] Required batches per block: 42
[Filtering] Required blocks per subject: 18
[Filtering] Subjects remaining: 0 (removed 2846)
OnlineSubjectDataset initialized with following configuration:
{'Total Samples': 1454358, 'Total Subjects': 2846}
[Filtering] Required windows per batch: 4
[Filtering] Required batches per block: 43
[Filtering] Required blocks per subject: 18
[Filtering] Subjects remaining: 0 (removed 2846)
OnlineSubjectDataset initialized with following configuration:
{'Total Samples': 1454358, 'Total Subjects': 2846}
[Filtering] Required windows per batch: 4
[Filtering] Required batches per block: 44
[Filtering] Required blocks per subject: 18
[Filtering] Subjects remaining: 0 (removed 2846)
OnlineSubjectDataset initialized with following configuration:
{'Total Samples': 1454358, 'Total Subjects': 2846}
[Filtering] Required windows per batch: 4
[Filtering] Required batches per block: 45
[Filtering] Required blocks per subject: 18
[Filtering] Subjects remaining: 0 (removed 2846)
OnlineSubjectDataset initialized with following configuration:
{'Total Samples': 1454358, 'Total Subjects': 2846}
[Filtering] Required windows per batch: 4
[Filtering] Required batches per block: 46
[Filtering] Required blocks per subject: 18
[Filtering] Subjects remaining: 0 (removed 2846)
OnlineSubjectDataset initialized with following configuration:
{'Total Samples': 1454358, 'Total Subjects': 2846}
[Filtering] Required windows per batch: 4
[Filtering] Required batches per block: 47
[Filtering] Required blocks per subject: 18
[Filtering] Subjects remaining: 0 (removed 2846)
OnlineSubjectDataset initialized with following configuration:
{'Total Samples': 1454358, 'Total Subjects': 2846}
[Filtering] Required windows per batch: 4
[Filtering] Required batches per block: 48
[Filtering] Required blocks per subject: 18
[Filtering] Subjects remaining: 0 (removed 2846)
OnlineSubjectDataset initialized with following configuration:
{'Total Samples': 1454358, 'Total Subjects': 2846}
[Filtering] Required windows per batch: 4
[Filtering] Required batches per block: 49
[Filtering] Required blocks per subject: 18
[Filtering] Subjects remaining: 0 (removed 2846)
OnlineSubjectDataset initialized with following configuration:
{'Total Samples': 1454358, 'Total Subjects': 2846}
[Filtering] Required windows per batch: 4
[Filtering] Required batches per block: 50
[Filtering] Required blocks per subject: 18
[Filtering] Subjects remaining: 0 (removed 2846)
OnlineSubjectDataset initialized with following configuration:
{'Total Samples': 1454358, 'Total Subjects': 2846}
[Filtering] Required windows per batch: 4
[Filtering] Required batches per block: 51
[Filtering] Required blocks per subject: 18
[Filtering] Subjects remaining: 0 (removed 2846)
OnlineSubjectDataset initialized with following configuration:
{'Total Samples': 1454358, 'Total Subjects': 2846}
[Filtering] Required windows per batch: 4
[Filtering] Required batches per block: 52
[Filtering] Required blocks per subject: 18
[Filtering] Subjects remaining: 0 (removed 2846)
OnlineSubjectDataset initialized with following configuration:
{'Total Samples': 1454358, 'Total Subjects': 2846}
[Filtering] Required windows per batch: 4
[Filtering] Required batches per block: 53
[Filtering] Required blocks per subject: 18
[Filtering] Subjects remaining: 0 (removed 2846)
OnlineSubjectDataset initialized with following configuration:
{'Total Samples': 1454358, 'Total Subjects': 2846}
[Filtering] Required windows per batch: 4
[Filtering] Required batches per block: 54
[Filtering] Required blocks per subject: 18
[Filtering] Subjects remaining: 0 (removed 2846)
OnlineSubjectDataset initialized with following configuration:
{'Total Samples': 1454358, 'Total Subjects': 2846}
[Filtering] Required windows per batch: 4
[Filtering] Required batches per block: 55
[Filtering] Required blocks per subject: 18
[Filtering] Subjects remaining: 0 (removed 2846)
OnlineSubjectDataset initialized with following configuration:
{'Total Samples': 1454358, 'Total Subjects': 2846}
[Filtering] Required windows per batch: 4
[Filtering] Required batches per block: 56
[Filtering] Required blocks per subject: 18
[Filtering] Subjects remaining: 0 (removed 2846)
OnlineSubjectDataset initialized with following configuration:
{'Total Samples': 1454358, 'Total Subjects': 2846}
[Filtering] Required windows per batch: 4
[Filtering] Required batches per block: 57
[Filtering] Required blocks per subject: 18
[Filtering] Subjects remaining: 0 (removed 2846)
OnlineSubjectDataset initialized with following configuration:
{'Total Samples': 1454358, 'Total Subjects': 2846}
[Filtering] Required windows per batch: 4
[Filtering] Required batches per block: 58
[Filtering] Required blocks per subject: 18
[Filtering] Subjects remaining: 0 (removed 2846)
OnlineSubjectDataset initialized with following configuration:
{'Total Samples': 1454358, 'Total Subjects': 2846}
[Filtering] Required windows per batch: 4
[Filtering] Required batches per block: 59
[Filtering] Required blocks per subject: 18
[Filtering] Subjects remaining: 0 (removed 2846)
OnlineSubjectDataset initialized with following configuration:
{'Total Samples': 1454358, 'Total Subjects': 2846}
[Filtering] Required windows per batch: 4
[Filtering] Required batches per block: 12
[Filtering] Required blocks per subject: 20
[Filtering] Subjects remaining: 0 (removed 2846)
OnlineSubjectDataset initialized with following configuration:
{'Total Samples': 1454358, 'Total Subjects': 2846}
[Filtering] Required windows per batch: 4
[Filtering] Required batches per block: 13
[Filtering] Required blocks per subject: 20
[Filtering] Subjects remaining: 0 (removed 2846)
OnlineSubjectDataset initialized with following configuration:
{'Total Samples': 1454358, 'Total Subjects': 2846}
[Filtering] Required windows per batch: 4
[Filtering] Required batches per block: 14
[Filtering] Required blocks per subject: 20
[Filtering] Subjects remaining: 0 (removed 2846)
OnlineSubjectDataset initialized with following configuration:
{'Total Samples': 1454358, 'Total Subjects': 2846}
[Filtering] Required windows per batch: 4
[Filtering] Required batches per block: 15
[Filtering] Required blocks per subject: 20
[Filtering] Subjects remaining: 0 (removed 2846)
OnlineSubjectDataset initialized with following configuration:
{'Total Samples': 1454358, 'Total Subjects': 2846}
[Filtering] Required windows per batch: 4
[Filtering] Required batches per block: 16
[Filtering] Required blocks per subject: 20
[Filtering] Subjects remaining: 0 (removed 2846)
OnlineSubjectDataset initialized with following configuration:
{'Total Samples': 1454358, 'Total Subjects': 2846}
[Filtering] Required windows per batch: 4
[Filtering] Required batches per block: 17
[Filtering] Required blocks per subject: 20
[Filtering] Subjects remaining: 0 (removed 2846)
OnlineSubjectDataset initialized with following configuration:
{'Total Samples': 1454358, 'Total Subjects': 2846}
[Filtering] Required windows per batch: 4
[Filtering] Required batches per block: 18
[Filtering] Required blocks per subject: 20
[Filtering] Subjects remaining: 0 (removed 2846)
OnlineSubjectDataset initialized with following configuration:
{'Total Samples': 1454358, 'Total Subjects': 2846}
[Filtering] Required windows per batch: 4
[Filtering] Required batches per block: 19
[Filtering] Required blocks per subject: 20
[Filtering] Subjects remaining: 0 (removed 2846)
OnlineSubjectDataset initialized with following configuration:
{'Total Samples': 1454358, 'Total Subjects': 2846}
[Filtering] Required windows per batch: 4
[Filtering] Required batches per block: 20
[Filtering] Required blocks per subject: 20
[Filtering] Subjects remaining: 0 (removed 2846)
OnlineSubjectDataset initialized with following configuration:
{'Total Samples': 1454358, 'Total Subjects': 2846}
[Filtering] Required windows per batch: 4
[Filtering] Required batches per block: 21
[Filtering] Required blocks per subject: 20
[Filtering] Subjects remaining: 0 (removed 2846)
OnlineSubjectDataset initialized with following configuration:
{'Total Samples': 1454358, 'Total Subjects': 2846}
[Filtering] Required windows per batch: 4
[Filtering] Required batches per block: 22
[Filtering] Required blocks per subject: 20
[Filtering] Subjects remaining: 0 (removed 2846)
OnlineSubjectDataset initialized with following configuration:
{'Total Samples': 1454358, 'Total Subjects': 2846}
[Filtering] Required windows per batch: 4
[Filtering] Required batches per block: 23
[Filtering] Required blocks per subject: 20
[Filtering] Subjects remaining: 0 (removed 2846)
OnlineSubjectDataset initialized with following configuration:
{'Total Samples': 1454358, 'Total Subjects': 2846}
[Filtering] Required windows per batch: 4
[Filtering] Required batches per block: 24
[Filtering] Required blocks per subject: 20
[Filtering] Subjects remaining: 0 (removed 2846)
OnlineSubjectDataset initialized with following configuration:
{'Total Samples': 1454358, 'Total Subjects': 2846}
[Filtering] Required windows per batch: 4
[Filtering] Required batches per block: 25
[Filtering] Required blocks per subject: 20
[Filtering] Subjects remaining: 0 (removed 2846)
OnlineSubjectDataset initialized with following configuration:
{'Total Samples': 1454358, 'Total Subjects': 2846}
[Filtering] Required windows per batch: 4
[Filtering] Required batches per block: 26
[Filtering] Required blocks per subject: 20
[Filtering] Subjects remaining: 0 (removed 2846)
OnlineSubjectDataset initialized with following configuration:
{'Total Samples': 1454358, 'Total Subjects': 2846}
[Filtering] Required windows per batch: 4
[Filtering] Required batches per block: 27
[Filtering] Required blocks per subject: 20
[Filtering] Subjects remaining: 0 (removed 2846)
OnlineSubjectDataset initialized with following configuration:
{'Total Samples': 1454358, 'Total Subjects': 2846}
[Filtering] Required windows per batch: 4
[Filtering] Required batches per block: 28
[Filtering] Required blocks per subject: 20
[Filtering] Subjects remaining: 0 (removed 2846)
OnlineSubjectDataset initialized with following configuration:
{'Total Samples': 1454358, 'Total Subjects': 2846}
[Filtering] Required windows per batch: 4
[Filtering] Required batches per block: 29
[Filtering] Required blocks per subject: 20
[Filtering] Subjects remaining: 0 (removed 2846)
OnlineSubjectDataset initialized with following configuration:
{'Total Samples': 1454358, 'Total Subjects': 2846}
[Filtering] Required windows per batch: 4
[Filtering] Required batches per block: 30
[Filtering] Required blocks per subject: 20
[Filtering] Subjects remaining: 0 (removed 2846)
OnlineSubjectDataset initialized with following configuration:
{'Total Samples': 1454358, 'Total Subjects': 2846}
[Filtering] Required windows per batch: 4
[Filtering] Required batches per block: 31
[Filtering] Required blocks per subject: 20
[Filtering] Subjects remaining: 0 (removed 2846)
OnlineSubjectDataset initialized with following configuration:
{'Total Samples': 1454358, 'Total Subjects': 2846}
[Filtering] Required windows per batch: 4
[Filtering] Required batches per block: 32
[Filtering] Required blocks per subject: 20
[Filtering] Subjects remaining: 0 (removed 2846)
OnlineSubjectDataset initialized with following configuration:
{'Total Samples': 1454358, 'Total Subjects': 2846}
[Filtering] Required windows per batch: 4
[Filtering] Required batches per block: 33
[Filtering] Required blocks per subject: 20
[Filtering] Subjects remaining: 0 (removed 2846)
OnlineSubjectDataset initialized with following configuration:
{'Total Samples': 1454358, 'Total Subjects': 2846}
[Filtering] Required windows per batch: 4
[Filtering] Required batches per block: 34
[Filtering] Required blocks per subject: 20
[Filtering] Subjects remaining: 0 (removed 2846)
OnlineSubjectDataset initialized with following configuration:
{'Total Samples': 1454358, 'Total Subjects': 2846}
[Filtering] Required windows per batch: 4
[Filtering] Required batches per block: 35
[Filtering] Required blocks per subject: 20
[Filtering] Subjects remaining: 0 (removed 2846)
OnlineSubjectDataset initialized with following configuration:
{'Total Samples': 1454358, 'Total Subjects': 2846}
[Filtering] Required windows per batch: 4
[Filtering] Required batches per block: 36
[Filtering] Required blocks per subject: 20
[Filtering] Subjects remaining: 0 (removed 2846)
OnlineSubjectDataset initialized with following configuration:
{'Total Samples': 1454358, 'Total Subjects': 2846}
[Filtering] Required windows per batch: 4
[Filtering] Required batches per block: 37
[Filtering] Required blocks per subject: 20
[Filtering] Subjects remaining: 0 (removed 2846)
OnlineSubjectDataset initialized with following configuration:
{'Total Samples': 1454358, 'Total Subjects': 2846}
[Filtering] Required windows per batch: 4
[Filtering] Required batches per block: 38
[Filtering] Required blocks per subject: 20
[Filtering] Subjects remaining: 0 (removed 2846)
OnlineSubjectDataset initialized with following configuration:
{'Total Samples': 1454358, 'Total Subjects': 2846}
[Filtering] Required windows per batch: 4
[Filtering] Required batches per block: 39
[Filtering] Required blocks per subject: 20
[Filtering] Subjects remaining: 0 (removed 2846)
OnlineSubjectDataset initialized with following configuration:
{'Total Samples': 1454358, 'Total Subjects': 2846}
[Filtering] Required windows per batch: 4
[Filtering] Required batches per block: 72
[Filtering] Required blocks per subject: 14
[Filtering] Subjects remaining: 0 (removed 2846)
OnlineSubjectDataset initialized with following configuration:
{'Total Samples': 1454358, 'Total Subjects': 2846}
[Filtering] Required windows per batch: 4
[Filtering] Required batches per block: 73
[Filtering] Required blocks per subject: 14
[Filtering] Subjects remaining: 0 (removed 2846)
OnlineSubjectDataset initialized with following configuration:
{'Total Samples': 1454358, 'Total Subjects': 2846}
[Filtering] Required windows per batch: 4
[Filtering] Required batches per block: 74
[Filtering] Required blocks per subject: 14
[Filtering] Subjects remaining: 0 (removed 2846)
OnlineSubjectDataset initialized with following configuration:
{'Total Samples': 1454358, 'Total Subjects': 2846}
[Filtering] Required windows per batch: 4
[Filtering] Required batches per block: 75
[Filtering] Required blocks per subject: 14
[Filtering] Subjects remaining: 0 (removed 2846)
OnlineSubjectDataset initialized with following configuration:
{'Total Samples': 1454358, 'Total Subjects': 2846}
[Filtering] Required windows per batch: 4
[Filtering] Required batches per block: 76
[Filtering] Required blocks per subject: 14
[Filtering] Subjects remaining: 0 (removed 2846)
OnlineSubjectDataset initialized with following configuration:
{'Total Samples': 1454358, 'Total Subjects': 2846}
[Filtering] Required windows per batch: 4
[Filtering] Required batches per block: 77
[Filtering] Required blocks per subject: 14
[Filtering] Subjects remaining: 0 (removed 2846)
OnlineSubjectDataset initialized with following configuration:
{'Total Samples': 1454358, 'Total Subjects': 2846}
[Filtering] Required windows per batch: 4
[Filtering] Required batches per block: 1
[Filtering] Required blocks per subject: 15
[Filtering] Subjects remaining: 1903 (removed 943)
OnlineSubjectDataset initialized with following configuration:
{'Total Samples': 1454358, 'Total Subjects': 2846}
[Filtering] Required windows per batch: 4
[Filtering] Required batches per block: 2
[Filtering] Required blocks per subject: 15
[Filtering] Subjects remaining: 1211 (removed 1635)
OnlineSubjectDataset initialized with following configuration:
{'Total Samples': 1454358, 'Total Subjects': 2846}
[Filtering] Required windows per batch: 4
[Filtering] Required batches per block: 3
[Filtering] Required blocks per subject: 15
[Filtering] Subjects remaining: 684 (removed 2162)
OnlineSubjectDataset initialized with following configuration:
{'Total Samples': 1454358, 'Total Subjects': 2846}
[Filtering] Required windows per batch: 4
[Filtering] Required batches per block: 4
[Filtering] Required blocks per subject: 15
[Filtering] Subjects remaining: 370 (removed 2476)
OnlineSubjectDataset initialized with following configuration:
{'Total Samples': 1454358, 'Total Subjects': 2846}
[Filtering] Required windows per batch: 4
[Filtering] Required batches per block: 5
[Filtering] Required blocks per subject: 15
[Filtering] Subjects remaining: 196 (removed 2650)
OnlineSubjectDataset initialized with following configuration:
{'Total Samples': 1454358, 'Total Subjects': 2846}
[Filtering] Required windows per batch: 4
[Filtering] Required batches per block: 6
[Filtering] Required blocks per subject: 15
[Filtering] Subjects remaining: 103 (removed 2743)
OnlineSubjectDataset initialized with following configuration:
{'Total Samples': 1454358, 'Total Subjects': 2846}
[Filtering] Required windows per batch: 4
[Filtering] Required batches per block: 7
[Filtering] Required blocks per subject: 15
[Filtering] Subjects remaining: 62 (removed 2784)
OnlineSubjectDataset initialized with following configuration:
{'Total Samples': 1454358, 'Total Subjects': 2846}
[Filtering] Required windows per batch: 4
[Filtering] Required batches per block: 8
[Filtering] Required blocks per subject: 15
[Filtering] Subjects remaining: 30 (removed 2816)
OnlineSubjectDataset initialized with following configuration:
{'Total Samples': 1454358, 'Total Subjects': 2846}
[Filtering] Required windows per batch: 4
[Filtering] Required batches per block: 9
[Filtering] Required blocks per subject: 15
[Filtering] Subjects remaining: 15 (removed 2831)
OnlineSubjectDataset initialized with following configuration:
{'Total Samples': 1454358, 'Total Subjects': 2846}
[Filtering] Required windows per batch: 4
[Filtering] Required batches per block: 10
[Filtering] Required blocks per subject: 15
[Filtering] Subjects remaining: 7 (removed 2839)
OnlineSubjectDataset initialized with following configuration:
{'Total Samples': 1454358, 'Total Subjects': 2846}
[Filtering] Required windows per batch: 4
[Filtering] Required batches per block: 11
[Filtering] Required blocks per subject: 15
[Filtering] Subjects remaining: 4 (removed 2842)
OnlineSubjectDataset initialized with following configuration:
{'Total Samples': 1454358, 'Total Subjects': 2846}
[Filtering] Required windows per batch: 4
[Filtering] Required batches per block: 12
[Filtering] Required blocks per subject: 15
[Filtering] Subjects remaining: 3 (removed 2843)
OnlineSubjectDataset initialized with following configuration:
{'Total Samples': 1454358, 'Total Subjects': 2846}
[Filtering] Required windows per batch: 4
[Filtering] Required batches per block: 13
[Filtering] Required blocks per subject: 15
[Filtering] Subjects remaining: 2 (removed 2844)
OnlineSubjectDataset initialized with following configuration:
{'Total Samples': 1454358, 'Total Subjects': 2846}
[Filtering] Required windows per batch: 4
[Filtering] Required batches per block: 14
[Filtering] Required blocks per subject: 15
[Filtering] Subjects remaining: 2 (removed 2844)
OnlineSubjectDataset initialized with following configuration:
{'Total Samples': 1454358, 'Total Subjects': 2846}
[Filtering] Required windows per batch: 4
[Filtering] Required batches per block: 15
[Filtering] Required blocks per subject: 15
[Filtering] Subjects remaining: 0 (removed 2846)
OnlineSubjectDataset initialized with following configuration:
{'Total Samples': 1454358, 'Total Subjects': 2846}
[Filtering] Required windows per batch: 4
[Filtering] Required batches per block: 16
[Filtering] Required blocks per subject: 15
[Filtering] Subjects remaining: 0 (removed 2846)
OnlineSubjectDataset initialized with following configuration:
{'Total Samples': 1454358, 'Total Subjects': 2846}
[Filtering] Required windows per batch: 4
[Filtering] Required batches per block: 17
[Filtering] Required blocks per subject: 15
[Filtering] Subjects remaining: 0 (removed 2846)
OnlineSubjectDataset initialized with following configuration:
{'Total Samples': 1454358, 'Total Subjects': 2846}
[Filtering] Required windows per batch: 4
[Filtering] Required batches per block: 18
[Filtering] Required blocks per subject: 15
[Filtering] Subjects remaining: 0 (removed 2846)
OnlineSubjectDataset initialized with following configuration:
{'Total Samples': 1454358, 'Total Subjects': 2846}
[Filtering] Required windows per batch: 4
[Filtering] Required batches per block: 19
[Filtering] Required blocks per subject: 15
[Filtering] Subjects remaining: 0 (removed 2846)
OnlineSubjectDataset initialized with following configuration:
{'Total Samples': 1454358, 'Total Subjects': 2846}
[Filtering] Required windows per batch: 4
[Filtering] Required batches per block: 20
[Filtering] Required blocks per subject: 15
[Filtering] Subjects remaining: 0 (removed 2846)
OnlineSubjectDataset initialized with following configuration:
{'Total Samples': 1454358, 'Total Subjects': 2846}
[Filtering] Required windows per batch: 4
[Filtering] Required batches per block: 21
[Filtering] Required blocks per subject: 15
[Filtering] Subjects remaining: 0 (removed 2846)
OnlineSubjectDataset initialized with following configuration:
{'Total Samples': 1454358, 'Total Subjects': 2846}
[Filtering] Required windows per batch: 4
[Filtering] Required batches per block: 22
[Filtering] Required blocks per subject: 15
[Filtering] Subjects remaining: 0 (removed 2846)
OnlineSubjectDataset initialized with following configuration:
{'Total Samples': 1454358, 'Total Subjects': 2846}
[Filtering] Required windows per batch: 4
[Filtering] Required batches per block: 35
[Filtering] Required blocks per subject: 11
[Filtering] Subjects remaining: 0 (removed 2846)
OnlineSubjectDataset initialized with following configuration:
{'Total Samples': 1454358, 'Total Subjects': 2846}
[Filtering] Required windows per batch: 4
[Filtering] Required batches per block: 36
[Filtering] Required blocks per subject: 11
[Filtering] Subjects remaining: 0 (removed 2846)
OnlineSubjectDataset initialized with following configuration:
{'Total Samples': 1454358, 'Total Subjects': 2846}
[Filtering] Required windows per batch: 4
[Filtering] Required batches per block: 37
[Filtering] Required blocks per subject: 11
[Filtering] Subjects remaining: 0 (removed 2846)
OnlineSubjectDataset initialized with following configuration:
{'Total Samples': 1454358, 'Total Subjects': 2846}
[Filtering] Required windows per batch: 4
[Filtering] Required batches per block: 38
[Filtering] Required blocks per subject: 11
[Filtering] Subjects remaining: 0 (removed 2846)
OnlineSubjectDataset initialized with following configuration:
{'Total Samples': 1454358, 'Total Subjects': 2846}
[Filtering] Required windows per batch: 4
[Filtering] Required batches per block: 39
[Filtering] Required blocks per subject: 11
[Filtering] Subjects remaining: 0 (removed 2846)
OnlineSubjectDataset initialized with following configuration:
{'Total Samples': 1454358, 'Total Subjects': 2846}
[Filtering] Required windows per batch: 4
[Filtering] Required batches per block: 40
[Filtering] Required blocks per subject: 11
[Filtering] Subjects remaining: 0 (removed 2846)
OnlineSubjectDataset initialized with following configuration:
{'Total Samples': 1454358, 'Total Subjects': 2846}
[Filtering] Required windows per batch: 4
[Filtering] Required batches per block: 41
[Filtering] Required blocks per subject: 11
[Filtering] Subjects remaining: 0 (removed 2846)
OnlineSubjectDataset initialized with following configuration:
{'Total Samples': 1454358, 'Total Subjects': 2846}
[Filtering] Required windows per batch: 4
[Filtering] Required batches per block: 42
[Filtering] Required blocks per subject: 11
[Filtering] Subjects remaining: 0 (removed 2846)
OnlineSubjectDataset initialized with following configuration:
{'Total Samples': 1454358, 'Total Subjects': 2846}
[Filtering] Required windows per batch: 4
[Filtering] Required batches per block: 43
[Filtering] Required blocks per subject: 11
[Filtering] Subjects remaining: 0 (removed 2846)
OnlineSubjectDataset initialized with following configuration:
{'Total Samples': 1454358, 'Total Subjects': 2846}
[Filtering] Required windows per batch: 4
[Filtering] Required batches per block: 44
[Filtering] Required blocks per subject: 11
[Filtering] Subjects remaining: 0 (removed 2846)
OnlineSubjectDataset initialized with following configuration:
{'Total Samples': 1454358, 'Total Subjects': 2846}
[Filtering] Required windows per batch: 4
[Filtering] Required batches per block: 45
[Filtering] Required blocks per subject: 11
[Filtering] Subjects remaining: 0 (removed 2846)
OnlineSubjectDataset initialized with following configuration:
{'Total Samples': 1454358, 'Total Subjects': 2846}
[Filtering] Required windows per batch: 4
[Filtering] Required batches per block: 46
[Filtering] Required blocks per subject: 11
[Filtering] Subjects remaining: 0 (removed 2846)
OnlineSubjectDataset initialized with following configuration:
{'Total Samples': 1454358, 'Total Subjects': 2846}
[Filtering] Required windows per batch: 4
[Filtering] Required batches per block: 47
[Filtering] Required blocks per subject: 11
[Filtering] Subjects remaining: 0 (removed 2846)
OnlineSubjectDataset initialized with following configuration:
{'Total Samples': 1454358, 'Total Subjects': 2846}
[Filtering] Required windows per batch: 4
[Filtering] Required batches per block: 48
[Filtering] Required blocks per subject: 11
[Filtering] Subjects remaining: 0 (removed 2846)
OnlineSubjectDataset initialized with following configuration:
{'Total Samples': 1454358, 'Total Subjects': 2846}
[Filtering] Required windows per batch: 4
[Filtering] Required batches per block: 49
[Filtering] Required blocks per subject: 11
[Filtering] Subjects remaining: 0 (removed 2846)
OnlineSubjectDataset initialized with following configuration:
{'Total Samples': 1454358, 'Total Subjects': 2846}
[Filtering] Required windows per batch: 4
[Filtering] Required batches per block: 50
[Filtering] Required blocks per subject: 11
[Filtering] Subjects remaining: 0 (removed 2846)
OnlineSubjectDataset initialized with following configuration:
{'Total Samples': 1454358, 'Total Subjects': 2846}
[Filtering] Required windows per batch: 4
[Filtering] Required batches per block: 51
[Filtering] Required blocks per subject: 11
[Filtering] Subjects remaining: 0 (removed 2846)
OnlineSubjectDataset initialized with following configuration:
{'Total Samples': 1454358, 'Total Subjects': 2846}
[Filtering] Required windows per batch: 4
[Filtering] Required batches per block: 52
[Filtering] Required blocks per subject: 11
[Filtering] Subjects remaining: 0 (removed 2846)
OnlineSubjectDataset initialized with following configuration:
{'Total Samples': 1454358, 'Total Subjects': 2846}
[Filtering] Required windows per batch: 4
[Filtering] Required batches per block: 53
[Filtering] Required blocks per subject: 11
[Filtering] Subjects remaining: 0 (removed 2846)
OnlineSubjectDataset initialized with following configuration:
{'Total Samples': 1454358, 'Total Subjects': 2846}
[Filtering] Required windows per batch: 4
[Filtering] Required batches per block: 54
[Filtering] Required blocks per subject: 11
[Filtering] Subjects remaining: 0 (removed 2846)
OnlineSubjectDataset initialized with following configuration:
{'Total Samples': 1454358, 'Total Subjects': 2846}
[Filtering] Required windows per batch: 4
[Filtering] Required batches per block: 55
[Filtering] Required blocks per subject: 11
[Filtering] Subjects remaining: 0 (removed 2846)
OnlineSubjectDataset initialized with following configuration:
{'Total Samples': 1454358, 'Total Subjects': 2846}
[Filtering] Required windows per batch: 4
[Filtering] Required batches per block: 56
[Filtering] Required blocks per subject: 11
[Filtering] Subjects remaining: 0 (removed 2846)
OnlineSubjectDataset initialized with following configuration:
{'Total Samples': 1454358, 'Total Subjects': 2846}
[Filtering] Required windows per batch: 4
[Filtering] Required batches per block: 57
[Filtering] Required blocks per subject: 11
[Filtering] Subjects remaining: 0 (removed 2846)
OnlineSubjectDataset initialized with following configuration:
{'Total Samples': 1454358, 'Total Subjects': 2846}
[Filtering] Required windows per batch: 4
[Filtering] Required batches per block: 58
[Filtering] Required blocks per subject: 11
[Filtering] Subjects remaining: 0 (removed 2846)
OnlineSubjectDataset initialized with following configuration:
{'Total Samples': 1454358, 'Total Subjects': 2846}
[Filtering] Required windows per batch: 4
[Filtering] Required batches per block: 59
[Filtering] Required blocks per subject: 11
[Filtering] Subjects remaining: 0 (removed 2846)
OnlineSubjectDataset initialized with following configuration:
{'Total Samples': 1454358, 'Total Subjects': 2846}
[Filtering] Required windows per batch: 4
[Filtering] Required batches per block: 60
[Filtering] Required blocks per subject: 11
[Filtering] Subjects remaining: 0 (removed 2846)
OnlineSubjectDataset initialized with following configuration:
{'Total Samples': 1454358, 'Total Subjects': 2846}
[Filtering] Required windows per batch: 4
[Filtering] Required batches per block: 61
[Filtering] Required blocks per subject: 11
[Filtering] Subjects remaining: 0 (removed 2846)
OnlineSubjectDataset initialized with following configuration:
{'Total Samples': 1454358, 'Total Subjects': 2846}
[Filtering] Required windows per batch: 4
[Filtering] Required batches per block: 62
[Filtering] Required blocks per subject: 11
[Filtering] Subjects remaining: 0 (removed 2846)
OnlineSubjectDataset initialized with following configuration:
{'Total Samples': 1454358, 'Total Subjects': 2846}
[Filtering] Required windows per batch: 4
[Filtering] Required batches per block: 75
[Filtering] Required blocks per subject: 7
[Filtering] Subjects remaining: 0 (removed 2846)
OnlineSubjectDataset initialized with following configuration:
{'Total Samples': 1454358, 'Total Subjects': 2846}
[Filtering] Required windows per batch: 4
[Filtering] Required batches per block: 76
[Filtering] Required blocks per subject: 7
[Filtering] Subjects remaining: 0 (removed 2846)
OnlineSubjectDataset initialized with following configuration:
{'Total Samples': 1454358, 'Total Subjects': 2846}
[Filtering] Required windows per batch: 4
[Filtering] Required batches per block: 77
[Filtering] Required blocks per subject: 7
[Filtering] Subjects remaining: 0 (removed 2846)
OnlineSubjectDataset initialized with following configuration:
{'Total Samples': 1454358, 'Total Subjects': 2846}
[Filtering] Required windows per batch: 4
[Filtering] Required batches per block: 1
[Filtering] Required blocks per subject: 8
[Filtering] Subjects remaining: 2258 (removed 588)
OnlineSubjectDataset initialized with following configuration:
{'Total Samples': 1454358, 'Total Subjects': 2846}
[Filtering] Required windows per batch: 4
[Filtering] Required batches per block: 2
[Filtering] Required blocks per subject: 8
[Filtering] Subjects remaining: 1850 (removed 996)
OnlineSubjectDataset initialized with following configuration:
{'Total Samples': 1454358, 'Total Subjects': 2846}
[Filtering] Required windows per batch: 4
[Filtering] Required batches per block: 3
[Filtering] Required blocks per subject: 8
[Filtering] Subjects remaining: 1448 (removed 1398)
OnlineSubjectDataset initialized with following configuration:
{'Total Samples': 1454358, 'Total Subjects': 2846}
[Filtering] Required windows per batch: 4
[Filtering] Required batches per block: 4
[Filtering] Required blocks per subject: 8
[Filtering] Subjects remaining: 1058 (removed 1788)
OnlineSubjectDataset initialized with following configuration:
{'Total Samples': 1454358, 'Total Subjects': 2846}
[Filtering] Required windows per batch: 4
[Filtering] Required batches per block: 5
[Filtering] Required blocks per subject: 8
[Filtering] Subjects remaining: 768 (removed 2078)
OnlineSubjectDataset initialized with following configuration:
{'Total Samples': 1454358, 'Total Subjects': 2846}
[Filtering] Required windows per batch: 4
[Filtering] Required batches per block: 6
[Filtering] Required blocks per subject: 8
[Filtering] Subjects remaining: 559 (removed 2287)
OnlineSubjectDataset initialized with following configuration:
{'Total Samples': 1454358, 'Total Subjects': 2846}
[Filtering] Required windows per batch: 4
[Filtering] Required batches per block: 7
[Filtering] Required blocks per subject: 8
[Filtering] Subjects remaining: 416 (removed 2430)
OnlineSubjectDataset initialized with following configuration:
{'Total Samples': 1454358, 'Total Subjects': 2846}
[Filtering] Required windows per batch: 4
[Filtering] Required batches per block: 8
[Filtering] Required blocks per subject: 8
[Filtering] Subjects remaining: 303 (removed 2543)
OnlineSubjectDataset initialized with following configuration:
{'Total Samples': 1454358, 'Total Subjects': 2846}
[Filtering] Required windows per batch: 4
[Filtering] Required batches per block: 9
[Filtering] Required blocks per subject: 8
[Filtering] Subjects remaining: 227 (removed 2619)
OnlineSubjectDataset initialized with following configuration:
{'Total Samples': 1454358, 'Total Subjects': 2846}
[Filtering] Required windows per batch: 4
[Filtering] Required batches per block: 10
[Filtering] Required blocks per subject: 8
[Filtering] Subjects remaining: 159 (removed 2687)
OnlineSubjectDataset initialized with following configuration:
{'Total Samples': 1454358, 'Total Subjects': 2846}
[Filtering] Required windows per batch: 4
[Filtering] Required batches per block: 11
[Filtering] Required blocks per subject: 8
[Filtering] Subjects remaining: 125 (removed 2721)
OnlineSubjectDataset initialized with following configuration:
{'Total Samples': 1454358, 'Total Subjects': 2846}
[Filtering] Required windows per batch: 4
[Filtering] Required batches per block: 12
[Filtering] Required blocks per subject: 8
[Filtering] Subjects remaining: 94 (removed 2752)
OnlineSubjectDataset initialized with following configuration:
{'Total Samples': 1454358, 'Total Subjects': 2846}
[Filtering] Required windows per batch: 4
[Filtering] Required batches per block: 13
[Filtering] Required blocks per subject: 8
[Filtering] Subjects remaining: 60 (removed 2786)
OnlineSubjectDataset initialized with following configuration:
{'Total Samples': 1454358, 'Total Subjects': 2846}
[Filtering] Required windows per batch: 4
[Filtering] Required batches per block: 14
[Filtering] Required blocks per subject: 8
[Filtering] Subjects remaining: 42 (removed 2804)
OnlineSubjectDataset initialized with following configuration:
{'Total Samples': 1454358, 'Total Subjects': 2846}
[Filtering] Required windows per batch: 4
[Filtering] Required batches per block: 15
[Filtering] Required blocks per subject: 8
[Filtering] Subjects remaining: 32 (removed 2814)
OnlineSubjectDataset initialized with following configuration:
{'Total Samples': 1454358, 'Total Subjects': 2846}
[Filtering] Required windows per batch: 4
[Filtering] Required batches per block: 16
[Filtering] Required blocks per subject: 8
[Filtering] Subjects remaining: 18 (removed 2828)
OnlineSubjectDataset initialized with following configuration:
{'Total Samples': 1454358, 'Total Subjects': 2846}
[Filtering] Required windows per batch: 4
[Filtering] Required batches per block: 17
[Filtering] Required blocks per subject: 8
[Filtering] Subjects remaining: 10 (removed 2836)
OnlineSubjectDataset initialized with following configuration:
{'Total Samples': 1454358, 'Total Subjects': 2846}
[Filtering] Required windows per batch: 4
[Filtering] Required batches per block: 18
[Filtering] Required blocks per subject: 8
[Filtering] Subjects remaining: 8 (removed 2838)
OnlineSubjectDataset initialized with following configuration:
{'Total Samples': 1454358, 'Total Subjects': 2846}
[Filtering] Required windows per batch: 4
[Filtering] Required batches per block: 19
[Filtering] Required blocks per subject: 8
[Filtering] Subjects remaining: 7 (removed 2839)
OnlineSubjectDataset initialized with following configuration:
{'Total Samples': 1454358, 'Total Subjects': 2846}
[Filtering] Required windows per batch: 4
[Filtering] Required batches per block: 20
[Filtering] Required blocks per subject: 8
[Filtering] Subjects remaining: 6 (removed 2840)
OnlineSubjectDataset initialized with following configuration:
{'Total Samples': 1454358, 'Total Subjects': 2846}
[Filtering] Required windows per batch: 4
[Filtering] Required batches per block: 21
[Filtering] Required blocks per subject: 8
[Filtering] Subjects remaining: 4 (removed 2842)
OnlineSubjectDataset initialized with following configuration:
{'Total Samples': 1454358, 'Total Subjects': 2846}
[Filtering] Required windows per batch: 4
[Filtering] Required batches per block: 22
[Filtering] Required blocks per subject: 8
[Filtering] Subjects remaining: 4 (removed 2842)
OnlineSubjectDataset initialized with following configuration:
{'Total Samples': 1454358, 'Total Subjects': 2846}
[Filtering] Required windows per batch: 4
[Filtering] Required batches per block: 23
[Filtering] Required blocks per subject: 8
[Filtering] Subjects remaining: 2 (removed 2844)
OnlineSubjectDataset initialized with following configuration:
{'Total Samples': 1454358, 'Total Subjects': 2846}
[Filtering] Required windows per batch: 4
[Filtering] Required batches per block: 24
[Filtering] Required blocks per subject: 8
[Filtering] Subjects remaining: 2 (removed 2844)
OnlineSubjectDataset initialized with following configuration:
{'Total Samples': 1454358, 'Total Subjects': 2846}
[Filtering] Required windows per batch: 4
[Filtering] Required batches per block: 25
[Filtering] Required blocks per subject: 8
[Filtering] Subjects remaining: 2 (removed 2844)
OnlineSubjectDataset initialized with following configuration:
{'Total Samples': 1454358, 'Total Subjects': 2846}
[Filtering] Required windows per batch: 4
[Filtering] Required batches per block: 58
[Filtering] Required blocks per subject: 2
[Filtering] Subjects remaining: 31 (removed 2815)
OnlineSubjectDataset initialized with following configuration:
{'Total Samples': 1454358, 'Total Subjects': 2846}
[Filtering] Required windows per batch: 4
[Filtering] Required batches per block: 59
[Filtering] Required blocks per subject: 2
[Filtering] Subjects remaining: 28 (removed 2818)
OnlineSubjectDataset initialized with following configuration:
{'Total Samples': 1454358, 'Total Subjects': 2846}
[Filtering] Required windows per batch: 4
[Filtering] Required batches per block: 60
[Filtering] Required blocks per subject: 2
[Filtering] Subjects remaining: 28 (removed 2818)
OnlineSubjectDataset initialized with following configuration:
{'Total Samples': 1454358, 'Total Subjects': 2846}
[Filtering] Required windows per batch: 4
[Filtering] Required batches per block: 61
[Filtering] Required blocks per subject: 2
[Filtering] Subjects remaining: 27 (removed 2819)
OnlineSubjectDataset initialized with following configuration:
{'Total Samples': 1454358, 'Total Subjects': 2846}
[Filtering] Required windows per batch: 4
[Filtering] Required batches per block: 62
[Filtering] Required blocks per subject: 2
[Filtering] Subjects remaining: 26 (removed 2820)
OnlineSubjectDataset initialized with following configuration:
{'Total Samples': 1454358, 'Total Subjects': 2846}
[Filtering] Required windows per batch: 4
[Filtering] Required batches per block: 63
[Filtering] Required blocks per subject: 2
[Filtering] Subjects remaining: 26 (removed 2820)
OnlineSubjectDataset initialized with following configuration:
{'Total Samples': 1454358, 'Total Subjects': 2846}
[Filtering] Required windows per batch: 4
[Filtering] Required batches per block: 64
[Filtering] Required blocks per subject: 2
[Filtering] Subjects remaining: 25 (removed 2821)
OnlineSubjectDataset initialized with following configuration:
{'Total Samples': 1454358, 'Total Subjects': 2846}
[Filtering] Required windows per batch: 4
[Filtering] Required batches per block: 65
[Filtering] Required blocks per subject: 2
[Filtering] Subjects remaining: 24 (removed 2822)
OnlineSubjectDataset initialized with following configuration:
{'Total Samples': 1454358, 'Total Subjects': 2846}
[Filtering] Required windows per batch: 4
[Filtering] Required batches per block: 66
[Filtering] Required blocks per subject: 2
[Filtering] Subjects remaining: 23 (removed 2823)
OnlineSubjectDataset initialized with following configuration:
{'Total Samples': 1454358, 'Total Subjects': 2846}
[Filtering] Required windows per batch: 4
[Filtering] Required batches per block: 67
[Filtering] Required blocks per subject: 2
[Filtering] Subjects remaining: 22 (removed 2824)
OnlineSubjectDataset initialized with following configuration:
{'Total Samples': 1454358, 'Total Subjects': 2846}
[Filtering] Required windows per batch: 4
[Filtering] Required batches per block: 68
[Filtering] Required blocks per subject: 2
[Filtering] Subjects remaining: 22 (removed 2824)
OnlineSubjectDataset initialized with following configuration:
{'Total Samples': 1454358, 'Total Subjects': 2846}
[Filtering] Required windows per batch: 4
[Filtering] Required batches per block: 69
[Filtering] Required blocks per subject: 2
[Filtering] Subjects remaining: 20 (removed 2826)
OnlineSubjectDataset initialized with following configuration:
{'Total Samples': 1454358, 'Total Subjects': 2846}
[Filtering] Required windows per batch: 4
[Filtering] Required batches per block: 70
[Filtering] Required blocks per subject: 2
[Filtering] Subjects remaining: 20 (removed 2826)
OnlineSubjectDataset initialized with following configuration:
{'Total Samples': 1454358, 'Total Subjects': 2846}
[Filtering] Required windows per batch: 4
[Filtering] Required batches per block: 71
[Filtering] Required blocks per subject: 2
[Filtering] Subjects remaining: 19 (removed 2827)
OnlineSubjectDataset initialized with following configuration:
{'Total Samples': 1454358, 'Total Subjects': 2846}
[Filtering] Required windows per batch: 4
[Filtering] Required batches per block: 72
[Filtering] Required blocks per subject: 2
[Filtering] Subjects remaining: 18 (removed 2828)
OnlineSubjectDataset initialized with following configuration:
{'Total Samples': 1454358, 'Total Subjects': 2846}
[Filtering] Required windows per batch: 4
[Filtering] Required batches per block: 73
[Filtering] Required blocks per subject: 2
[Filtering] Subjects remaining: 17 (removed 2829)
OnlineSubjectDataset initialized with following configuration:
{'Total Samples': 1454358, 'Total Subjects': 2846}
[Filtering] Required windows per batch: 4
[Filtering] Required batches per block: 74
[Filtering] Required blocks per subject: 2
[Filtering] Subjects remaining: 13 (removed 2833)
OnlineSubjectDataset initialized with following configuration:
{'Total Samples': 1454358, 'Total Subjects': 2846}
[Filtering] Required windows per batch: 4
[Filtering] Required batches per block: 75
[Filtering] Required blocks per subject: 2
[Filtering] Subjects remaining: 13 (removed 2833)
OnlineSubjectDataset initialized with following configuration:
{'Total Samples': 1454358, 'Total Subjects': 2846}
[Filtering] Required windows per batch: 4
[Filtering] Required batches per block: 76
[Filtering] Required blocks per subject: 2
[Filtering] Subjects remaining: 12 (removed 2834)
OnlineSubjectDataset initialized with following configuration:
{'Total Samples': 1454358, 'Total Subjects': 2846}
[Filtering] Required windows per batch: 4
[Filtering] Required batches per block: 77
[Filtering] Required blocks per subject: 2
[Filtering] Subjects remaining: 10 (removed 2836)
OnlineSubjectDataset initialized with following configuration:
{'Total Samples': 1454358, 'Total Subjects': 2846}
[Filtering] Required windows per batch: 4
[Filtering] Required batches per block: 1
[Filtering] Required blocks per subject: 3
[Filtering] Subjects remaining: 2489 (removed 357)
OnlineSubjectDataset initialized with following configuration:
{'Total Samples': 1454358, 'Total Subjects': 2846}
[Filtering] Required windows per batch: 4
[Filtering] Required batches per block: 2
[Filtering] Required blocks per subject: 3
[Filtering] Subjects remaining: 2312 (removed 534)
OnlineSubjectDataset initialized with following configuration:
{'Total Samples': 1454358, 'Total Subjects': 2846}
[Filtering] Required windows per batch: 4
[Filtering] Required batches per block: 3
[Filtering] Required blocks per subject: 3
[Filtering] Subjects remaining: 2077 (removed 769)
OnlineSubjectDataset initialized with following configuration:
{'Total Samples': 1454358, 'Total Subjects': 2846}
[Filtering] Required windows per batch: 4
[Filtering] Required batches per block: 4
[Filtering] Required blocks per subject: 3
[Filtering] Subjects remaining: 1848 (removed 998)
OnlineSubjectDataset initialized with following configuration:
{'Total Samples': 1454358, 'Total Subjects': 2846}
[Filtering] Required windows per batch: 4
[Filtering] Required batches per block: 5
[Filtering] Required blocks per subject: 3
[Filtering] Subjects remaining: 1626 (removed 1220)
OnlineSubjectDataset initialized with following configuration:
{'Total Samples': 1454358, 'Total Subjects': 2846}
[Filtering] Required windows per batch: 4
[Filtering] Required batches per block: 6
[Filtering] Required blocks per subject: 3
[Filtering] Subjects remaining: 1417 (removed 1429)
OnlineSubjectDataset initialized with following configuration:
{'Total Samples': 1454358, 'Total Subjects': 2846}
[Filtering] Required windows per batch: 4
[Filtering] Required batches per block: 7
[Filtering] Required blocks per subject: 3
[Filtering] Subjects remaining: 1248 (removed 1598)
OnlineSubjectDataset initialized with following configuration:
{'Total Samples': 1454358, 'Total Subjects': 2846}
[Filtering] Required windows per batch: 4
[Filtering] Required batches per block: 8
[Filtering] Required blocks per subject: 3
[Filtering] Subjects remaining: 1084 (removed 1762)
[Filtering] Subjects remaining: 575 (removed 2271)
OnlineSubjectDataset initialized with following configuration:
{'Total Samples': 1454358, 'Total Subjects': 2846}
[Filtering] Required windows per batch: 4
[Filtering] Required batches per block: 29
[Filtering] Required blocks per subject: 1
[Filtering] Subjects remaining: 548 (removed 2298)
OnlineSubjectDataset initialized with following configuration:
{'Total Samples': 1454358, 'Total Subjects': 2846}
[Filtering] Required windows per batch: 4
[Filtering] Required batches per block: 30
[Filtering] Required blocks per subject: 1
[Filtering] Subjects remaining: 518 (removed 2328)
OnlineSubjectDataset initialized with following configuration:
{'Total Samples': 1454358, 'Total Subjects': 2846}
[Filtering] Required windows per batch: 4
[Filtering] Required batches per block: 31
[Filtering] Required blocks per subject: 1
[Filtering] Subjects remaining: 493 (removed 2353)
OnlineSubjectDataset initialized with following configuration:
{'Total Samples': 1454358, 'Total Subjects': 2846}
[Filtering] Required windows per batch: 4
[Filtering] Required batches per block: 32
[Filtering] Required blocks per subject: 1
[Filtering] Subjects remaining: 467 (removed 2379)
OnlineSubjectDataset initialized with following configuration:
{'Total Samples': 1454358, 'Total Subjects': 2846}
[Filtering] Required windows per batch: 4
[Filtering] Required batches per block: 33
[Filtering] Required blocks per subject: 1
[Filtering] Subjects remaining: 448 (removed 2398)
OnlineSubjectDataset initialized with following configuration:
{'Total Samples': 1454358, 'Total Subjects': 2846}
[Filtering] Required windows per batch: 4
[Filtering] Required batches per block: 34
[Filtering] Required blocks per subject: 1
[Filtering] Subjects remaining: 430 (removed 2416)
OnlineSubjectDataset initialized with following configuration:
{'Total Samples': 1454358, 'Total Subjects': 2846}
[Filtering] Required windows per batch: 4
[Filtering] Required batches per block: 35
[Filtering] Required blocks per subject: 1
[Filtering] Subjects remaining: 414 (removed 2432)
OnlineSubjectDataset initialized with following configuration:
{'Total Samples': 1454358, 'Total Subjects': 2846}
[Filtering] Required windows per batch: 4
[Filtering] Required batches per block: 36
[Filtering] Required blocks per subject: 1
[Filtering] Subjects remaining: 389 (removed 2457)
OnlineSubjectDataset initialized with following configuration:
{'Total Samples': 1454358, 'Total Subjects': 2846}
[Filtering] Required windows per batch: 4
[Filtering] Required batches per block: 37
[Filtering] Required blocks per subject: 1
[Filtering] Subjects remaining: 372 (removed 2474)
OnlineSubjectDataset initialized with following configuration:
{'Total Samples': 1454358, 'Total Subjects': 2846}
[Filtering] Required windows per batch: 4
[Filtering] Required batches per block: 38
[Filtering] Required blocks per subject: 1
[Filtering] Subjects remaining: 356 (removed 2490)
OnlineSubjectDataset initialized with following configuration:
{'Total Samples': 1454358, 'Total Subjects': 2846}
[Filtering] Required windows per batch: 4
[Filtering] Required batches per block: 39
[Filtering] Required blocks per subject: 1
[Filtering] Subjects remaining: 345 (removed 2501)
OnlineSubjectDataset initialized with following configuration:
{'Total Samples': 1454358, 'Total Subjects': 2846}
[Filtering] Required windows per batch: 4
[Filtering] Required batches per block: 40
[Filtering] Required blocks per subject: 1
[Filtering] Subjects remaining: 329 (removed 2517)
OnlineSubjectDataset initialized with following configuration:
{'Total Samples': 1454358, 'Total Subjects': 2846}
[Filtering] Required windows per batch: 4
[Filtering] Required batches per block: 41
[Filtering] Required blocks per subject: 1
[Filtering] Subjects remaining: 311 (removed 2535)
OnlineSubjectDataset initialized with following configuration:
{'Total Samples': 1454358, 'Total Subjects': 2846}
[Filtering] Required windows per batch: 4
[Filtering] Required batches per block: 42
[Filtering] Required blocks per subject: 1
[Filtering] Subjects remaining: 291 (removed 2555)
OnlineSubjectDataset initialized with following configuration:
{'Total Samples': 1454358, 'Total Subjects': 2846}
[Filtering] Required windows per batch: 4
[Filtering] Required batches per block: 43
[Filtering] Required blocks per subject: 1
[Filtering] Subjects remaining: 275 (removed 2571)
OnlineSubjectDataset initialized with following configuration:
{'Total Samples': 1454358, 'Total Subjects': 2846}
[Filtering] Required windows per batch: 4
[Filtering] Required batches per block: 44
[Filtering] Required blocks per subject: 1
[Filtering] Subjects remaining: 264 (removed 2582)
OnlineSubjectDataset initialized with following configuration:
{'Total Samples': 1454358, 'Total Subjects': 2846}
[Filtering] Required windows per batch: 4
[Filtering] Required batches per block: 45
[Filtering] Required blocks per subject: 1
[Filtering] Subjects remaining: 250 (removed 2596)
OnlineSubjectDataset initialized with following configuration:
{'Total Samples': 1454358, 'Total Subjects': 2846}
[Filtering] Required windows per batch: 4
[Filtering] Required batches per block: 46
[Filtering] Required blocks per subject: 1
[Filtering] Subjects remaining: 235 (removed 2611)
OnlineSubjectDataset initialized with following configuration:
{'Total Samples': 1454358, 'Total Subjects': 2846}
[Filtering] Required windows per batch: 4
[Filtering] Required batches per block: 47
[Filtering] Required blocks per subject: 1
[Filtering] Subjects remaining: 227 (removed 2619)
OnlineSubjectDataset initialized with following configuration:
{'Total Samples': 1454358, 'Total Subjects': 2846}
[Filtering] Required windows per batch: 4
[Filtering] Required batches per block: 48
[Filtering] Required blocks per subject: 1
[Filtering] Subjects remaining: 219 (removed 2627)
OnlineSubjectDataset initialized with following configuration:
{'Total Samples': 1454358, 'Total Subjects': 2846}
[Filtering] Required windows per batch: 4
[Filtering] Required batches per block: 49
[Filtering] Required blocks per subject: 1
[Filtering] Subjects remaining: 212 (removed 2634)
OnlineSubjectDataset initialized with following configuration:
{'Total Samples': 1454358, 'Total Subjects': 2846}
[Filtering] Required windows per batch: 4
[Filtering] Required batches per block: 50
[Filtering] Required blocks per subject: 1
[Filtering] Subjects remaining: 203 (removed 2643)
OnlineSubjectDataset initialized with following configuration:
{'Total Samples': 1454358, 'Total Subjects': 2846}
[Filtering] Required windows per batch: 4
[Filtering] Required batches per block: 51
[Filtering] Required blocks per subject: 1
[Filtering] Subjects remaining: 194 (removed 2652)
OnlineSubjectDataset initialized with following configuration:
{'Total Samples': 1454358, 'Total Subjects': 2846}
[Filtering] Required windows per batch: 4
[Filtering] Required batches per block: 52
[Filtering] Required blocks per subject: 1
[Filtering] Subjects remaining: 187 (removed 2659)
OnlineSubjectDataset initialized with following configuration:
{'Total Samples': 1454358, 'Total Subjects': 2846}
[Filtering] Required windows per batch: 4
[Filtering] Required batches per block: 53
[Filtering] Required blocks per subject: 1
[Filtering] Subjects remaining: 179 (removed 2667)
OnlineSubjectDataset initialized with following configuration:
{'Total Samples': 1454358, 'Total Subjects': 2846}
[Filtering] Required windows per batch: 4
[Filtering] Required batches per block: 54
[Filtering] Required blocks per subject: 1
[Filtering] Subjects remaining: 166 (removed 2680)
OnlineSubjectDataset initialized with following configuration:
{'Total Samples': 1454358, 'Total Subjects': 2846}
[Filtering] Required windows per batch: 4
[Filtering] Required batches per block: 55
[Filtering] Required blocks per subject: 1
[Filtering] Subjects remaining: 161 (removed 2685)
OnlineSubjectDataset initialized with following configuration:
{'Total Samples': 1454358, 'Total Subjects': 2846}
[Filtering] Required windows per batch: 4
[Filtering] Required batches per block: 56
OnlineSubjectDataset initialized with following configuration:
{'Total Samples': 1454358, 'Total Subjects': 2846}
[Filtering] Required windows per batch: 4
[Filtering] Required batches per block: 9
[Filtering] Required blocks per subject: 3
[Filtering] Subjects remaining: 961 (removed 1885)
OnlineSubjectDataset initialized with following configuration:
{'Total Samples': 1454358, 'Total Subjects': 2846}
[Filtering] Required windows per batch: 4
[Filtering] Required batches per block: 10
[Filtering] Required blocks per subject: 3
[Filtering] Subjects remaining: 855 (removed 1991)
OnlineSubjectDataset initialized with following configuration:
{'Total Samples': 1454358, 'Total Subjects': 2846}
[Filtering] Required windows per batch: 4
[Filtering] Required batches per block: 11
[Filtering] Required blocks per subject: 3
[Filtering] Subjects remaining: 748 (removed 2098)
OnlineSubjectDataset initialized with following configuration:
{'Total Samples': 1454358, 'Total Subjects': 2846}
[Filtering] Required windows per batch: 4
[Filtering] Required batches per block: 12
[Filtering] Required blocks per subject: 3
[Filtering] Subjects remaining: 660 (removed 2186)
OnlineSubjectDataset initialized with following configuration:
{'Total Samples': 1454358, 'Total Subjects': 2846}
[Filtering] Required windows per batch: 4
[Filtering] Required batches per block: 13
[Filtering] Required blocks per subject: 3
[Filtering] Subjects remaining: 593 (removed 2253)
OnlineSubjectDataset initialized with following configuration:
{'Total Samples': 1454358, 'Total Subjects': 2846}
[Filtering] Required windows per batch: 4
[Filtering] Required batches per block: 14
[Filtering] Required blocks per subject: 3
[Filtering] Subjects remaining: 517 (removed 2329)
OnlineSubjectDataset initialized with following configuration:
{'Total Samples': 1454358, 'Total Subjects': 2846}
[Filtering] Required windows per batch: 4
[Filtering] Required batches per block: 15
[Filtering] Required blocks per subject: 3
[Filtering] Subjects remaining: 461 (removed 2385)
OnlineSubjectDataset initialized with following configuration:
{'Total Samples': 1454358, 'Total Subjects': 2846}
[Filtering] Required windows per batch: 4
[Filtering] Required batches per block: 16
[Filtering] Required blocks per subject: 3
[Filtering] Subjects remaining: 408 (removed 2438)
OnlineSubjectDataset initialized with following configuration:
{'Total Samples': 1454358, 'Total Subjects': 2846}
[Filtering] Required windows per batch: 4
[Filtering] Required batches per block: 17
[Filtering] Required blocks per subject: 3
[Filtering] Subjects remaining: 368 (removed 2478)
OnlineSubjectDataset initialized with following configuration:
{'Total Samples': 1454358, 'Total Subjects': 2846}
[Filtering] Required windows per batch: 4
[Filtering] Required batches per block: 18
[Filtering] Required blocks per subject: 3
[Filtering] Subjects remaining: 319 (removed 2527)
OnlineSubjectDataset initialized with following configuration:
{'Total Samples': 1454358, 'Total Subjects': 2846}
[Filtering] Required windows per batch: 4
[Filtering] Required batches per block: 19
[Filtering] Required blocks per subject: 3
[Filtering] Subjects remaining: 288 (removed 2558)
OnlineSubjectDataset initialized with following configuration:
{'Total Samples': 1454358, 'Total Subjects': 2846}
[Filtering] Required windows per batch: 4
[Filtering] Required batches per block: 20
[Filtering] Required blocks per subject: 3
[Filtering] Subjects remaining: 267 (removed 2579)
OnlineSubjectDataset initialized with following configuration:
{'Total Samples': 1454358, 'Total Subjects': 2846}
[Filtering] Required windows per batch: 4
[Filtering] Required batches per block: 21
[Filtering] Required blocks per subject: 3
[Filtering] Subjects remaining: 225 (removed 2621)
OnlineSubjectDataset initialized with following configuration:
{'Total Samples': 1454358, 'Total Subjects': 2846}
[Filtering] Required windows per batch: 4
[Filtering] Required batches per block: 22
[Filtering] Required blocks per subject: 3
[Filtering] Subjects remaining: 208 (removed 2638)
OnlineSubjectDataset initialized with following configuration:
{'Total Samples': 1454358, 'Total Subjects': 2846}
[Filtering] Required windows per batch: 4
[Filtering] Required batches per block: 23
[Filtering] Required blocks per subject: 3
[Filtering] Subjects remaining: 191 (removed 2655)
OnlineSubjectDataset initialized with following configuration:
{'Total Samples': 1454358, 'Total Subjects': 2846}
[Filtering] Required windows per batch: 4
[Filtering] Required batches per block: 24
[Filtering] Required blocks per subject: 3
[Filtering] Subjects remaining: 179 (removed 2667)
OnlineSubjectDataset initialized with following configuration:
{'Total Samples': 1454358, 'Total Subjects': 2846}
[Filtering] Required windows per batch: 4
[Filtering] Required batches per block: 25
[Filtering] Required blocks per subject: 3
[Filtering] Subjects remaining: 167 (removed 2679)
OnlineSubjectDataset initialized with following configuration:
{'Total Samples': 1454358, 'Total Subjects': 2846}
[Filtering] Required windows per batch: 4
[Filtering] Required batches per block: 26
[Filtering] Required blocks per subject: 3
[Filtering] Subjects remaining: 153 (removed 2693)
OnlineSubjectDataset initialized with following configuration:
{'Total Samples': 1454358, 'Total Subjects': 2846}
[Filtering] Required windows per batch: 4
[Filtering] Required batches per block: 27
[Filtering] Required blocks per subject: 3
[Filtering] Subjects remaining: 135 (removed 2711)
OnlineSubjectDataset initialized with following configuration:
{'Total Samples': 1454358, 'Total Subjects': 2846}
[Filtering] Required windows per batch: 4
[Filtering] Required batches per block: 28
[Filtering] Required blocks per subject: 3
[Filtering] Subjects remaining: 123 (removed 2723)
OnlineSubjectDataset initialized with following configuration:
{'Total Samples': 1454358, 'Total Subjects': 2846}
[Filtering] Required windows per batch: 4
[Filtering] Required batches per block: 29
[Filtering] Required blocks per subject: 3
[Filtering] Subjects remaining: 109 (removed 2737)
OnlineSubjectDataset initialized with following configuration:
{'Total Samples': 1454358, 'Total Subjects': 2846}
[Filtering] Required windows per batch: 4
[Filtering] Required batches per block: 30
[Filtering] Required blocks per subject: 3
[Filtering] Subjects remaining: 97 (removed 2749)
OnlineSubjectDataset initialized with following configuration:
{'Total Samples': 1454358, 'Total Subjects': 2846}
[Filtering] Required windows per batch: 4
[Filtering] Required batches per block: 31
[Filtering] Required blocks per subject: 3
[Filtering] Subjects remaining: 87 (removed 2759)
OnlineSubjectDataset initialized with following configuration:
{'Total Samples': 1454358, 'Total Subjects': 2846}
[Filtering] Required windows per batch: 4
[Filtering] Required batches per block: 32
[Filtering] Required blocks per subject: 3
[Filtering] Subjects remaining: 80 (removed 2766)
OnlineSubjectDataset initialized with following configuration:
{'Total Samples': 1454358, 'Total Subjects': 2846}
[Filtering] Required windows per batch: 4
[Filtering] Required batches per block: 33
[Filtering] Required blocks per subject: 3
[Filtering] Subjects remaining: 71 (removed 2775)
OnlineSubjectDataset initialized with following configuration:
{'Total Samples': 1454358, 'Total Subjects': 2846}
[Filtering] Required windows per batch: 4
[Filtering] Required batches per block: 34
[Filtering] Required blocks per subject: 3
[Filtering] Subjects remaining: 65 (removed 2781)
OnlineSubjectDataset initialized with following configuration:
{'Total Samples': 1454358, 'Total Subjects': 2846}
[Filtering] Required windows per batch: 4
[Filtering] Required batches per block: 35
[Filtering] Required blocks per subject: 3
[Filtering] Subjects remaining: 58 (removed 2788)
OnlineSubjectDataset initialized with following configuration:
{'Total Samples': 1454358, 'Total Subjects': 2846}
[Filtering] Required windows per batch: 4
[Filtering] Required batches per block: 36
[Filtering] Required blocks per subject: 3
OnlineSubjectDataset initialized with following configuration:
{'Total Samples': 1454358, 'Total Subjects': 2846}
[Filtering] Required windows per batch: 4
[Filtering] Required batches per block: 3
[Filtering] Required blocks per subject: 17
[Filtering] Subjects remaining: 549 (removed 2297)
OnlineSubjectDataset initialized with following configuration:
{'Total Samples': 1454358, 'Total Subjects': 2846}
[Filtering] Required windows per batch: 4
[Filtering] Required batches per block: 4
[Filtering] Required blocks per subject: 17
[Filtering] Subjects remaining: 255 (removed 2591)
OnlineSubjectDataset initialized with following configuration:
{'Total Samples': 1454358, 'Total Subjects': 2846}
[Filtering] Required windows per batch: 4
[Filtering] Required batches per block: 5
[Filtering] Required blocks per subject: 17
[Filtering] Subjects remaining: 132 (removed 2714)
OnlineSubjectDataset initialized with following configuration:
{'Total Samples': 1454358, 'Total Subjects': 2846}
[Filtering] Required windows per batch: 4
[Filtering] Required batches per block: 6
[Filtering] Required blocks per subject: 17
[Filtering] Subjects remaining: 71 (removed 2775)
OnlineSubjectDataset initialized with following configuration:
{'Total Samples': 1454358, 'Total Subjects': 2846}
[Filtering] Required windows per batch: 4
[Filtering] Required batches per block: 7
[Filtering] Required blocks per subject: 17
[Filtering] Subjects remaining: 30 (removed 2816)
OnlineSubjectDataset initialized with following configuration:
{'Total Samples': 1454358, 'Total Subjects': 2846}
[Filtering] Required windows per batch: 4
[Filtering] Required batches per block: 8
[Filtering] Required blocks per subject: 17
[Filtering] Subjects remaining: 16 (removed 2830)
OnlineSubjectDataset initialized with following configuration:
{'Total Samples': 1454358, 'Total Subjects': 2846}
[Filtering] Required windows per batch: 4
[Filtering] Required batches per block: 9
[Filtering] Required blocks per subject: 17
[Filtering] Subjects remaining: 8 (removed 2838)
OnlineSubjectDataset initialized with following configuration:
{'Total Samples': 1454358, 'Total Subjects': 2846}
[Filtering] Required windows per batch: 4
[Filtering] Required batches per block: 10
[Filtering] Required blocks per subject: 17
[Filtering] Subjects remaining: 3 (removed 2843)
OnlineSubjectDataset initialized with following configuration:
{'Total Samples': 1454358, 'Total Subjects': 2846}
[Filtering] Required windows per batch: 4
[Filtering] Required batches per block: 11
[Filtering] Required blocks per subject: 17
[Filtering] Subjects remaining: 2 (removed 2844)
OnlineSubjectDataset initialized with following configuration:
{'Total Samples': 1454358, 'Total Subjects': 2846}
[Filtering] Required windows per batch: 4
[Filtering] Required batches per block: 12
[Filtering] Required blocks per subject: 17
[Filtering] Subjects remaining: 1 (removed 2845)
OnlineSubjectDataset initialized with following configuration:
{'Total Samples': 1454358, 'Total Subjects': 2846}
[Filtering] Required windows per batch: 4
[Filtering] Required batches per block: 13
[Filtering] Required blocks per subject: 17
[Filtering] Subjects remaining: 0 (removed 2846)
OnlineSubjectDataset initialized with following configuration:
{'Total Samples': 1454358, 'Total Subjects': 2846}
[Filtering] Required windows per batch: 4
[Filtering] Required batches per block: 14
[Filtering] Required blocks per subject: 17
[Filtering] Subjects remaining: 0 (removed 2846)
OnlineSubjectDataset initialized with following configuration:
{'Total Samples': 1454358, 'Total Subjects': 2846}
[Filtering] Required windows per batch: 4
[Filtering] Required batches per block: 15
[Filtering] Required blocks per subject: 17
[Filtering] Subjects remaining: 0 (removed 2846)
OnlineSubjectDataset initialized with following configuration:
{'Total Samples': 1454358, 'Total Subjects': 2846}
[Filtering] Required windows per batch: 4
[Filtering] Required batches per block: 16
[Filtering] Required blocks per subject: 17
[Filtering] Subjects remaining: 0 (removed 2846)
OnlineSubjectDataset initialized with following configuration:
{'Total Samples': 1454358, 'Total Subjects': 2846}
[Filtering] Required windows per batch: 4
[Filtering] Required batches per block: 17
[Filtering] Required blocks per subject: 17
[Filtering] Subjects remaining: 0 (removed 2846)
OnlineSubjectDataset initialized with following configuration:
{'Total Samples': 1454358, 'Total Subjects': 2846}
[Filtering] Required windows per batch: 4
[Filtering] Required batches per block: 18
[Filtering] Required blocks per subject: 17
[Filtering] Subjects remaining: 0 (removed 2846)
OnlineSubjectDataset initialized with following configuration:
{'Total Samples': 1454358, 'Total Subjects': 2846}
[Filtering] Required windows per batch: 4
[Filtering] Required batches per block: 19
[Filtering] Required blocks per subject: 17
[Filtering] Subjects remaining: 0 (removed 2846)
OnlineSubjectDataset initialized with following configuration:
{'Total Samples': 1454358, 'Total Subjects': 2846}
[Filtering] Required windows per batch: 4
[Filtering] Required batches per block: 20
[Filtering] Required blocks per subject: 17
[Filtering] Subjects remaining: 0 (removed 2846)
OnlineSubjectDataset initialized with following configuration:
{'Total Samples': 1454358, 'Total Subjects': 2846}
[Filtering] Required windows per batch: 4
[Filtering] Required batches per block: 21
[Filtering] Required blocks per subject: 17
[Filtering] Subjects remaining: 0 (removed 2846)
OnlineSubjectDataset initialized with following configuration:
{'Total Samples': 1454358, 'Total Subjects': 2846}
[Filtering] Required windows per batch: 4
[Filtering] Required batches per block: 22
[Filtering] Required blocks per subject: 17
[Filtering] Subjects remaining: 0 (removed 2846)
OnlineSubjectDataset initialized with following configuration:
{'Total Samples': 1454358, 'Total Subjects': 2846}
[Filtering] Required windows per batch: 4
[Filtering] Required batches per block: 23
[Filtering] Required blocks per subject: 17
[Filtering] Subjects remaining: 0 (removed 2846)
OnlineSubjectDataset initialized with following configuration:
{'Total Samples': 1454358, 'Total Subjects': 2846}
[Filtering] Required windows per batch: 4
[Filtering] Required batches per block: 24
[Filtering] Required blocks per subject: 17
[Filtering] Subjects remaining: 0 (removed 2846)
OnlineSubjectDataset initialized with following configuration:
{'Total Samples': 1454358, 'Total Subjects': 2846}
[Filtering] Required windows per batch: 4
[Filtering] Required batches per block: 25
[Filtering] Required blocks per subject: 17
[Filtering] Subjects remaining: 0 (removed 2846)
OnlineSubjectDataset initialized with following configuration:
{'Total Samples': 1454358, 'Total Subjects': 2846}
[Filtering] Required windows per batch: 4
[Filtering] Required batches per block: 26
[Filtering] Required blocks per subject: 17
[Filtering] Subjects remaining: 0 (removed 2846)
OnlineSubjectDataset initialized with following configuration:
{'Total Samples': 1454358, 'Total Subjects': 2846}
[Filtering] Required windows per batch: 4
[Filtering] Required batches per block: 27
[Filtering] Required blocks per subject: 17
[Filtering] Subjects remaining: 0 (removed 2846)
OnlineSubjectDataset initialized with following configuration:
{'Total Samples': 1454358, 'Total Subjects': 2846}
[Filtering] Required windows per batch: 4
[Filtering] Required batches per block: 28
[Filtering] Required blocks per subject: 17
[Filtering] Subjects remaining: 0 (removed 2846)
OnlineSubjectDataset initialized with following configuration:
{'Total Samples': 1454358, 'Total Subjects': 2846}
[Filtering] Required windows per batch: 4
[Filtering] Required batches per block: 29
[Filtering] Required blocks per subject: 17
[Filtering] Subjects remaining: 0 (removed 2846)
OnlineSubjectDataset initialized with following configuration:
{'Total Samples': 1454358, 'Total Subjects': 2846}
[Filtering] Required windows per batch: 4
[Filtering] Required batches per block: 30
[Filtering] Required blocks per subject: 17
[Filtering] Subjects remaining: 0 (removed 2846)
OnlineSubjectDataset initialized with following configuration:
{'Total Samples': 1454358, 'Total Subjects': 2846}
[Filtering] Required windows per batch: 4
[Filtering] Required batches per block: 63
[Filtering] Required blocks per subject: 11
[Filtering] Subjects remaining: 0 (removed 2846)
OnlineSubjectDataset initialized with following configuration:
{'Total Samples': 1454358, 'Total Subjects': 2846}
[Filtering] Required windows per batch: 4
[Filtering] Required batches per block: 64
[Filtering] Required blocks per subject: 11
[Filtering] Subjects remaining: 0 (removed 2846)
OnlineSubjectDataset initialized with following configuration:
{'Total Samples': 1454358, 'Total Subjects': 2846}
[Filtering] Required windows per batch: 4
[Filtering] Required batches per block: 65
[Filtering] Required blocks per subject: 11
[Filtering] Subjects remaining: 0 (removed 2846)
OnlineSubjectDataset initialized with following configuration:
{'Total Samples': 1454358, 'Total Subjects': 2846}
[Filtering] Required windows per batch: 4
[Filtering] Required batches per block: 66
[Filtering] Required blocks per subject: 11
[Filtering] Subjects remaining: 0 (removed 2846)
OnlineSubjectDataset initialized with following configuration:
{'Total Samples': 1454358, 'Total Subjects': 2846}
[Filtering] Required windows per batch: 4
[Filtering] Required batches per block: 67
[Filtering] Required blocks per subject: 11
[Filtering] Subjects remaining: 0 (removed 2846)
OnlineSubjectDataset initialized with following configuration:
{'Total Samples': 1454358, 'Total Subjects': 2846}
[Filtering] Required windows per batch: 4
[Filtering] Required batches per block: 68
[Filtering] Required blocks per subject: 11
[Filtering] Subjects remaining: 0 (removed 2846)
OnlineSubjectDataset initialized with following configuration:
{'Total Samples': 1454358, 'Total Subjects': 2846}
[Filtering] Required windows per batch: 4
[Filtering] Required batches per block: 69
[Filtering] Required blocks per subject: 11
[Filtering] Subjects remaining: 0 (removed 2846)
OnlineSubjectDataset initialized with following configuration:
{'Total Samples': 1454358, 'Total Subjects': 2846}
[Filtering] Required windows per batch: 4
[Filtering] Required batches per block: 70
[Filtering] Required blocks per subject: 11
[Filtering] Subjects remaining: 0 (removed 2846)
OnlineSubjectDataset initialized with following configuration:
{'Total Samples': 1454358, 'Total Subjects': 2846}
[Filtering] Required windows per batch: 4
[Filtering] Required batches per block: 71
[Filtering] Required blocks per subject: 11
[Filtering] Subjects remaining: 0 (removed 2846)
OnlineSubjectDataset initialized with following configuration:
{'Total Samples': 1454358, 'Total Subjects': 2846}
[Filtering] Required windows per batch: 4
[Filtering] Required batches per block: 72
[Filtering] Required blocks per subject: 11
[Filtering] Subjects remaining: 0 (removed 2846)
OnlineSubjectDataset initialized with following configuration:
{'Total Samples': 1454358, 'Total Subjects': 2846}
[Filtering] Required windows per batch: 4
[Filtering] Required batches per block: 73
[Filtering] Required blocks per subject: 11
[Filtering] Subjects remaining: 0 (removed 2846)
OnlineSubjectDataset initialized with following configuration:
{'Total Samples': 1454358, 'Total Subjects': 2846}
[Filtering] Required windows per batch: 4
[Filtering] Required batches per block: 74
[Filtering] Required blocks per subject: 11
[Filtering] Subjects remaining: 0 (removed 2846)
OnlineSubjectDataset initialized with following configuration:
{'Total Samples': 1454358, 'Total Subjects': 2846}
[Filtering] Required windows per batch: 4
[Filtering] Required batches per block: 75
[Filtering] Required blocks per subject: 11
[Filtering] Subjects remaining: 0 (removed 2846)
OnlineSubjectDataset initialized with following configuration:
{'Total Samples': 1454358, 'Total Subjects': 2846}
[Filtering] Required windows per batch: 4
[Filtering] Required batches per block: 76
[Filtering] Required blocks per subject: 11
[Filtering] Subjects remaining: 0 (removed 2846)
OnlineSubjectDataset initialized with following configuration:
{'Total Samples': 1454358, 'Total Subjects': 2846}
[Filtering] Required windows per batch: 4
[Filtering] Required batches per block: 77
[Filtering] Required blocks per subject: 11
[Filtering] Subjects remaining: 0 (removed 2846)
OnlineSubjectDataset initialized with following configuration:
{'Total Samples': 1454358, 'Total Subjects': 2846}
[Filtering] Required windows per batch: 4
[Filtering] Required batches per block: 1
[Filtering] Required blocks per subject: 12
[Filtering] Subjects remaining: 2089 (removed 757)
OnlineSubjectDataset initialized with following configuration:
{'Total Samples': 1454358, 'Total Subjects': 2846}
[Filtering] Required windows per batch: 4
[Filtering] Required batches per block: 2
[Filtering] Required blocks per subject: 12
[Filtering] Subjects remaining: 1461 (removed 1385)
OnlineSubjectDataset initialized with following configuration:
{'Total Samples': 1454358, 'Total Subjects': 2846}
[Filtering] Required windows per batch: 4
[Filtering] Required batches per block: 3
[Filtering] Required blocks per subject: 12
[Filtering] Subjects remaining: 959 (removed 1887)
OnlineSubjectDataset initialized with following configuration:
{'Total Samples': 1454358, 'Total Subjects': 2846}
[Filtering] Required windows per batch: 4
[Filtering] Required batches per block: 4
[Filtering] Required blocks per subject: 12
[Filtering] Subjects remaining: 610 (removed 2236)
OnlineSubjectDataset initialized with following configuration:
{'Total Samples': 1454358, 'Total Subjects': 2846}
[Filtering] Required windows per batch: 4
[Filtering] Required batches per block: 5
[Filtering] Required blocks per subject: 12
[Filtering] Subjects remaining: 361 (removed 2485)
OnlineSubjectDataset initialized with following configuration:
{'Total Samples': 1454358, 'Total Subjects': 2846}
[Filtering] Required windows per batch: 4
[Filtering] Required batches per block: 6
[Filtering] Required blocks per subject: 12
[Filtering] Subjects remaining: 228 (removed 2618)
OnlineSubjectDataset initialized with following configuration:
{'Total Samples': 1454358, 'Total Subjects': 2846}
[Filtering] Required windows per batch: 4
[Filtering] Required batches per block: 7
[Filtering] Required blocks per subject: 12
[Filtering] Subjects remaining: 137 (removed 2709)
OnlineSubjectDataset initialized with following configuration:
{'Total Samples': 1454358, 'Total Subjects': 2846}
[Filtering] Required windows per batch: 4
[Filtering] Required batches per block: 8
[Filtering] Required blocks per subject: 12
[Filtering] Subjects remaining: 90 (removed 2756)
OnlineSubjectDataset initialized with following configuration:
{'Total Samples': 1454358, 'Total Subjects': 2846}
[Filtering] Required windows per batch: 4
[Filtering] Required batches per block: 9
[Filtering] Required blocks per subject: 12
[Filtering] Subjects remaining: 55 (removed 2791)
OnlineSubjectDataset initialized with following configuration:
{'Total Samples': 1454358, 'Total Subjects': 2846}
[Filtering] Required windows per batch: 4
[Filtering] Required batches per block: 10
[Filtering] Required blocks per subject: 12
[Filtering] Subjects remaining: 26 (removed 2820)
OnlineSubjectDataset initialized with following configuration:
{'Total Samples': 1454358, 'Total Subjects': 2846}
[Filtering] Required windows per batch: 4
[Filtering] Required batches per block: 11
[Filtering] Required blocks per subject: 12
[Filtering] Subjects remaining: 13 (removed 2833)
OnlineSubjectDataset initialized with following configuration:
{'Total Samples': 1454358, 'Total Subjects': 2846}
[Filtering] Required windows per batch: 4
[Filtering] Required batches per block: 12
[Filtering] Required blocks per subject: 12
[Filtering] Subjects remaining: 6 (removed 2840)
OnlineSubjectDataset initialized with following configuration:
{'Total Samples': 1454358, 'Total Subjects': 2846}
[Filtering] Required windows per batch: 4
[Filtering] Required batches per block: 13
[Filtering] Required blocks per subject: 12
[Filtering] Subjects remaining: 4 (removed 2842)
OnlineSubjectDataset initialized with following configuration:
{'Total Samples': 1454358, 'Total Subjects': 2846}
[Filtering] Required windows per batch: 4
[Filtering] Required batches per block: 26
[Filtering] Required blocks per subject: 8
[Filtering] Subjects remaining: 2 (removed 2844)
OnlineSubjectDataset initialized with following configuration:
{'Total Samples': 1454358, 'Total Subjects': 2846}
[Filtering] Required windows per batch: 4
[Filtering] Required batches per block: 27
[Filtering] Required blocks per subject: 8
[Filtering] Subjects remaining: 2 (removed 2844)
OnlineSubjectDataset initialized with following configuration:
{'Total Samples': 1454358, 'Total Subjects': 2846}
[Filtering] Required windows per batch: 4
[Filtering] Required batches per block: 28
[Filtering] Required blocks per subject: 8
[Filtering] Subjects remaining: 2 (removed 2844)
OnlineSubjectDataset initialized with following configuration:
{'Total Samples': 1454358, 'Total Subjects': 2846}
[Filtering] Required windows per batch: 4
[Filtering] Required batches per block: 29
[Filtering] Required blocks per subject: 8
[Filtering] Subjects remaining: 2 (removed 2844)
OnlineSubjectDataset initialized with following configuration:
{'Total Samples': 1454358, 'Total Subjects': 2846}
[Filtering] Required windows per batch: 4
[Filtering] Required batches per block: 30
[Filtering] Required blocks per subject: 8
[Filtering] Subjects remaining: 2 (removed 2844)
OnlineSubjectDataset initialized with following configuration:
{'Total Samples': 1454358, 'Total Subjects': 2846}
[Filtering] Required windows per batch: 4
[Filtering] Required batches per block: 31
[Filtering] Required blocks per subject: 8
[Filtering] Subjects remaining: 2 (removed 2844)
OnlineSubjectDataset initialized with following configuration:
{'Total Samples': 1454358, 'Total Subjects': 2846}
[Filtering] Required windows per batch: 4
[Filtering] Required batches per block: 32
[Filtering] Required blocks per subject: 8
[Filtering] Subjects remaining: 2 (removed 2844)
OnlineSubjectDataset initialized with following configuration:
{'Total Samples': 1454358, 'Total Subjects': 2846}
[Filtering] Required windows per batch: 4
[Filtering] Required batches per block: 33
[Filtering] Required blocks per subject: 8
[Filtering] Subjects remaining: 1 (removed 2845)
OnlineSubjectDataset initialized with following configuration:
{'Total Samples': 1454358, 'Total Subjects': 2846}
[Filtering] Required windows per batch: 4
[Filtering] Required batches per block: 34
[Filtering] Required blocks per subject: 8
[Filtering] Subjects remaining: 1 (removed 2845)
OnlineSubjectDataset initialized with following configuration:
{'Total Samples': 1454358, 'Total Subjects': 2846}
[Filtering] Required windows per batch: 4
[Filtering] Required batches per block: 35
[Filtering] Required blocks per subject: 8
[Filtering] Subjects remaining: 1 (removed 2845)
OnlineSubjectDataset initialized with following configuration:
{'Total Samples': 1454358, 'Total Subjects': 2846}
[Filtering] Required windows per batch: 4
[Filtering] Required batches per block: 36
[Filtering] Required blocks per subject: 8
[Filtering] Subjects remaining: 1 (removed 2845)
OnlineSubjectDataset initialized with following configuration:
{'Total Samples': 1454358, 'Total Subjects': 2846}
[Filtering] Required windows per batch: 4
[Filtering] Required batches per block: 37
[Filtering] Required blocks per subject: 8
[Filtering] Subjects remaining: 1 (removed 2845)
OnlineSubjectDataset initialized with following configuration:
{'Total Samples': 1454358, 'Total Subjects': 2846}
[Filtering] Required windows per batch: 4
[Filtering] Required batches per block: 38
[Filtering] Required blocks per subject: 8
[Filtering] Subjects remaining: 0 (removed 2846)
OnlineSubjectDataset initialized with following configuration:
{'Total Samples': 1454358, 'Total Subjects': 2846}
[Filtering] Required windows per batch: 4
[Filtering] Required batches per block: 39
[Filtering] Required blocks per subject: 8
[Filtering] Subjects remaining: 0 (removed 2846)
OnlineSubjectDataset initialized with following configuration:
{'Total Samples': 1454358, 'Total Subjects': 2846}
[Filtering] Required windows per batch: 4
[Filtering] Required batches per block: 40
[Filtering] Required blocks per subject: 8
[Filtering] Subjects remaining: 0 (removed 2846)
OnlineSubjectDataset initialized with following configuration:
{'Total Samples': 1454358, 'Total Subjects': 2846}
[Filtering] Required windows per batch: 4
[Filtering] Required batches per block: 41
[Filtering] Required blocks per subject: 8
[Filtering] Subjects remaining: 0 (removed 2846)
OnlineSubjectDataset initialized with following configuration:
{'Total Samples': 1454358, 'Total Subjects': 2846}
[Filtering] Required windows per batch: 4
[Filtering] Required batches per block: 42
[Filtering] Required blocks per subject: 8
[Filtering] Subjects remaining: 0 (removed 2846)
OnlineSubjectDataset initialized with following configuration:
{'Total Samples': 1454358, 'Total Subjects': 2846}
[Filtering] Required windows per batch: 4
[Filtering] Required batches per block: 43
[Filtering] Required blocks per subject: 8
[Filtering] Subjects remaining: 0 (removed 2846)
OnlineSubjectDataset initialized with following configuration:
{'Total Samples': 1454358, 'Total Subjects': 2846}
[Filtering] Required windows per batch: 4
[Filtering] Required batches per block: 44
[Filtering] Required blocks per subject: 8
[Filtering] Subjects remaining: 0 (removed 2846)
OnlineSubjectDataset initialized with following configuration:
{'Total Samples': 1454358, 'Total Subjects': 2846}
[Filtering] Required windows per batch: 4
[Filtering] Required batches per block: 45
[Filtering] Required blocks per subject: 8
[Filtering] Subjects remaining: 0 (removed 2846)
OnlineSubjectDataset initialized with following configuration:
{'Total Samples': 1454358, 'Total Subjects': 2846}
[Filtering] Required windows per batch: 4
[Filtering] Required batches per block: 46
[Filtering] Required blocks per subject: 8
[Filtering] Subjects remaining: 0 (removed 2846)
OnlineSubjectDataset initialized with following configuration:
{'Total Samples': 1454358, 'Total Subjects': 2846}
[Filtering] Required windows per batch: 4
[Filtering] Required batches per block: 47
[Filtering] Required blocks per subject: 8
[Filtering] Subjects remaining: 0 (removed 2846)
OnlineSubjectDataset initialized with following configuration:
{'Total Samples': 1454358, 'Total Subjects': 2846}
[Filtering] Required windows per batch: 4
[Filtering] Required batches per block: 48
[Filtering] Required blocks per subject: 8
[Filtering] Subjects remaining: 0 (removed 2846)
OnlineSubjectDataset initialized with following configuration:
{'Total Samples': 1454358, 'Total Subjects': 2846}
[Filtering] Required windows per batch: 4
[Filtering] Required batches per block: 49
[Filtering] Required blocks per subject: 8
[Filtering] Subjects remaining: 0 (removed 2846)
OnlineSubjectDataset initialized with following configuration:
{'Total Samples': 1454358, 'Total Subjects': 2846}
[Filtering] Required windows per batch: 4
[Filtering] Required batches per block: 50
[Filtering] Required blocks per subject: 8
[Filtering] Subjects remaining: 0 (removed 2846)
OnlineSubjectDataset initialized with following configuration:
{'Total Samples': 1454358, 'Total Subjects': 2846}
[Filtering] Required windows per batch: 4
[Filtering] Required batches per block: 51
[Filtering] Required blocks per subject: 8
[Filtering] Subjects remaining: 0 (removed 2846)
OnlineSubjectDataset initialized with following configuration:
{'Total Samples': 1454358, 'Total Subjects': 2846}
[Filtering] Required windows per batch: 4
[Filtering] Required batches per block: 52
[Filtering] Required blocks per subject: 8
[Filtering] Subjects remaining: 0 (removed 2846)
OnlineSubjectDataset initialized with following configuration:
{'Total Samples': 1454358, 'Total Subjects': 2846}
[Filtering] Required windows per batch: 4
[Filtering] Required batches per block: 53
[Filtering] Required blocks per subject: 8
[Filtering] Subjects remaining: 0 (removed 2846)
OnlineSubjectDataset initialized with following configuration:
{'Total Samples': 1454358, 'Total Subjects': 2846}
[Filtering] Required windows per batch: 4
[Filtering] Required batches per block: 60
[Filtering] Required blocks per subject: 18
[Filtering] Subjects remaining: 0 (removed 2846)
OnlineSubjectDataset initialized with following configuration:
{'Total Samples': 1454358, 'Total Subjects': 2846}
[Filtering] Required windows per batch: 4
[Filtering] Required batches per block: 61
[Filtering] Required blocks per subject: 18
[Filtering] Subjects remaining: 0 (removed 2846)
OnlineSubjectDataset initialized with following configuration:
{'Total Samples': 1454358, 'Total Subjects': 2846}
[Filtering] Required windows per batch: 4
[Filtering] Required batches per block: 62
[Filtering] Required blocks per subject: 18
[Filtering] Subjects remaining: 0 (removed 2846)
OnlineSubjectDataset initialized with following configuration:
{'Total Samples': 1454358, 'Total Subjects': 2846}
[Filtering] Required windows per batch: 4
[Filtering] Required batches per block: 63
[Filtering] Required blocks per subject: 18
[Filtering] Subjects remaining: 0 (removed 2846)
OnlineSubjectDataset initialized with following configuration:
{'Total Samples': 1454358, 'Total Subjects': 2846}
[Filtering] Required windows per batch: 4
[Filtering] Required batches per block: 64
[Filtering] Required blocks per subject: 18
[Filtering] Subjects remaining: 0 (removed 2846)
OnlineSubjectDataset initialized with following configuration:
{'Total Samples': 1454358, 'Total Subjects': 2846}
[Filtering] Required windows per batch: 4
[Filtering] Required batches per block: 65
[Filtering] Required blocks per subject: 18
[Filtering] Subjects remaining: 0 (removed 2846)
OnlineSubjectDataset initialized with following configuration:
{'Total Samples': 1454358, 'Total Subjects': 2846}
[Filtering] Required windows per batch: 4
[Filtering] Required batches per block: 66
[Filtering] Required blocks per subject: 18
[Filtering] Subjects remaining: 0 (removed 2846)
OnlineSubjectDataset initialized with following configuration:
{'Total Samples': 1454358, 'Total Subjects': 2846}
[Filtering] Required windows per batch: 4
[Filtering] Required batches per block: 67
[Filtering] Required blocks per subject: 18
[Filtering] Subjects remaining: 0 (removed 2846)
OnlineSubjectDataset initialized with following configuration:
{'Total Samples': 1454358, 'Total Subjects': 2846}
[Filtering] Required windows per batch: 4
[Filtering] Required batches per block: 68
[Filtering] Required blocks per subject: 18
[Filtering] Subjects remaining: 0 (removed 2846)
OnlineSubjectDataset initialized with following configuration:
{'Total Samples': 1454358, 'Total Subjects': 2846}
[Filtering] Required windows per batch: 4
[Filtering] Required batches per block: 69
[Filtering] Required blocks per subject: 18
[Filtering] Subjects remaining: 0 (removed 2846)
OnlineSubjectDataset initialized with following configuration:
{'Total Samples': 1454358, 'Total Subjects': 2846}
[Filtering] Required windows per batch: 4
[Filtering] Required batches per block: 70
[Filtering] Required blocks per subject: 18
[Filtering] Subjects remaining: 0 (removed 2846)
OnlineSubjectDataset initialized with following configuration:
{'Total Samples': 1454358, 'Total Subjects': 2846}
[Filtering] Required windows per batch: 4
[Filtering] Required batches per block: 71
[Filtering] Required blocks per subject: 18
[Filtering] Subjects remaining: 0 (removed 2846)
OnlineSubjectDataset initialized with following configuration:
{'Total Samples': 1454358, 'Total Subjects': 2846}
[Filtering] Required windows per batch: 4
[Filtering] Required batches per block: 72
[Filtering] Required blocks per subject: 18
[Filtering] Subjects remaining: 0 (removed 2846)
OnlineSubjectDataset initialized with following configuration:
{'Total Samples': 1454358, 'Total Subjects': 2846}
[Filtering] Required windows per batch: 4
[Filtering] Required batches per block: 73
[Filtering] Required blocks per subject: 18
[Filtering] Subjects remaining: 0 (removed 2846)
OnlineSubjectDataset initialized with following configuration:
{'Total Samples': 1454358, 'Total Subjects': 2846}
[Filtering] Required windows per batch: 4
[Filtering] Required batches per block: 74
[Filtering] Required blocks per subject: 18
[Filtering] Subjects remaining: 0 (removed 2846)
OnlineSubjectDataset initialized with following configuration:
{'Total Samples': 1454358, 'Total Subjects': 2846}
[Filtering] Required windows per batch: 4
[Filtering] Required batches per block: 75
[Filtering] Required blocks per subject: 18
[Filtering] Subjects remaining: 0 (removed 2846)
OnlineSubjectDataset initialized with following configuration:
{'Total Samples': 1454358, 'Total Subjects': 2846}
[Filtering] Required windows per batch: 4
[Filtering] Required batches per block: 76
[Filtering] Required blocks per subject: 18
[Filtering] Subjects remaining: 0 (removed 2846)
OnlineSubjectDataset initialized with following configuration:
{'Total Samples': 1454358, 'Total Subjects': 2846}
[Filtering] Required windows per batch: 4
[Filtering] Required batches per block: 77
[Filtering] Required blocks per subject: 18
[Filtering] Subjects remaining: 0 (removed 2846)
OnlineSubjectDataset initialized with following configuration:
{'Total Samples': 1454358, 'Total Subjects': 2846}
[Filtering] Required windows per batch: 4
[Filtering] Required batches per block: 1
[Filtering] Required blocks per subject: 19
[Filtering] Subjects remaining: 1671 (removed 1175)
OnlineSubjectDataset initialized with following configuration:
{'Total Samples': 1454358, 'Total Subjects': 2846}
[Filtering] Required windows per batch: 4
[Filtering] Required batches per block: 2
[Filtering] Required blocks per subject: 19
[Filtering] Subjects remaining: 927 (removed 1919)
OnlineSubjectDataset initialized with following configuration:
{'Total Samples': 1454358, 'Total Subjects': 2846}
[Filtering] Required windows per batch: 4
[Filtering] Required batches per block: 3
[Filtering] Required blocks per subject: 19
[Filtering] Subjects remaining: 423 (removed 2423)
OnlineSubjectDataset initialized with following configuration:
{'Total Samples': 1454358, 'Total Subjects': 2846}
[Filtering] Required windows per batch: 4
[Filtering] Required batches per block: 4
[Filtering] Required blocks per subject: 19
[Filtering] Subjects remaining: 187 (removed 2659)
OnlineSubjectDataset initialized with following configuration:
{'Total Samples': 1454358, 'Total Subjects': 2846}
[Filtering] Required windows per batch: 4
[Filtering] Required batches per block: 5
[Filtering] Required blocks per subject: 19
[Filtering] Subjects remaining: 86 (removed 2760)
OnlineSubjectDataset initialized with following configuration:
{'Total Samples': 1454358, 'Total Subjects': 2846}
[Filtering] Required windows per batch: 4
[Filtering] Required batches per block: 6
[Filtering] Required blocks per subject: 19
[Filtering] Subjects remaining: 40 (removed 2806)
OnlineSubjectDataset initialized with following configuration:
{'Total Samples': 1454358, 'Total Subjects': 2846}
[Filtering] Required windows per batch: 4
[Filtering] Required batches per block: 7
[Filtering] Required blocks per subject: 19
[Filtering] Subjects remaining: 15 (removed 2831)
OnlineSubjectDataset initialized with following configuration:
{'Total Samples': 1454358, 'Total Subjects': 2846}
[Filtering] Required windows per batch: 4
[Filtering] Required batches per block: 8
[Filtering] Required blocks per subject: 19
[Filtering] Subjects remaining: 4 (removed 2842)
OnlineSubjectDataset initialized with following configuration:
{'Total Samples': 1454358, 'Total Subjects': 2846}
[Filtering] Required windows per batch: 4
[Filtering] Required batches per block: 9
[Filtering] Required blocks per subject: 19
[Filtering] Subjects remaining: 2 (removed 2844)
OnlineSubjectDataset initialized with following configuration:
{'Total Samples': 1454358, 'Total Subjects': 2846}
[Filtering] Required windows per batch: 4
[Filtering] Required batches per block: 10
[Filtering] Required blocks per subject: 19
[Filtering] Subjects remaining: 2 (removed 2844)
OnlineSubjectDataset initialized with following configuration:
{'Total Samples': 1454358, 'Total Subjects': 2846}
[Filtering] Required windows per batch: 4
[Filtering] Required batches per block: 46
[Filtering] Required blocks per subject: 6
[Filtering] Subjects remaining: 0 (removed 2846)
OnlineSubjectDataset initialized with following configuration:
{'Total Samples': 1454358, 'Total Subjects': 2846}
[Filtering] Required windows per batch: 4
[Filtering] Required batches per block: 47
[Filtering] Required blocks per subject: 6
[Filtering] Subjects remaining: 0 (removed 2846)
OnlineSubjectDataset initialized with following configuration:
{'Total Samples': 1454358, 'Total Subjects': 2846}
[Filtering] Required windows per batch: 4
[Filtering] Required batches per block: 48
[Filtering] Required blocks per subject: 6
[Filtering] Subjects remaining: 0 (removed 2846)
OnlineSubjectDataset initialized with following configuration:
{'Total Samples': 1454358, 'Total Subjects': 2846}
[Filtering] Required windows per batch: 4
[Filtering] Required batches per block: 49
[Filtering] Required blocks per subject: 6
[Filtering] Subjects remaining: 0 (removed 2846)
OnlineSubjectDataset initialized with following configuration:
{'Total Samples': 1454358, 'Total Subjects': 2846}
[Filtering] Required windows per batch: 4
[Filtering] Required batches per block: 50
[Filtering] Required blocks per subject: 6
[Filtering] Subjects remaining: 0 (removed 2846)
OnlineSubjectDataset initialized with following configuration:
{'Total Samples': 1454358, 'Total Subjects': 2846}
[Filtering] Required windows per batch: 4
[Filtering] Required batches per block: 51
[Filtering] Required blocks per subject: 6
[Filtering] Subjects remaining: 0 (removed 2846)
OnlineSubjectDataset initialized with following configuration:
{'Total Samples': 1454358, 'Total Subjects': 2846}
[Filtering] Required windows per batch: 4
[Filtering] Required batches per block: 52
[Filtering] Required blocks per subject: 6
[Filtering] Subjects remaining: 0 (removed 2846)
OnlineSubjectDataset initialized with following configuration:
{'Total Samples': 1454358, 'Total Subjects': 2846}
[Filtering] Required windows per batch: 4
[Filtering] Required batches per block: 53
[Filtering] Required blocks per subject: 6
[Filtering] Subjects remaining: 0 (removed 2846)
OnlineSubjectDataset initialized with following configuration:
{'Total Samples': 1454358, 'Total Subjects': 2846}
[Filtering] Required windows per batch: 4
[Filtering] Required batches per block: 54
[Filtering] Required blocks per subject: 6
[Filtering] Subjects remaining: 0 (removed 2846)
OnlineSubjectDataset initialized with following configuration:
{'Total Samples': 1454358, 'Total Subjects': 2846}
[Filtering] Required windows per batch: 4
[Filtering] Required batches per block: 55
[Filtering] Required blocks per subject: 6
[Filtering] Subjects remaining: 0 (removed 2846)
OnlineSubjectDataset initialized with following configuration:
{'Total Samples': 1454358, 'Total Subjects': 2846}
[Filtering] Required windows per batch: 4
[Filtering] Required batches per block: 56
[Filtering] Required blocks per subject: 6
[Filtering] Subjects remaining: 0 (removed 2846)
OnlineSubjectDataset initialized with following configuration:
{'Total Samples': 1454358, 'Total Subjects': 2846}
[Filtering] Required windows per batch: 4
[Filtering] Required batches per block: 57
[Filtering] Required blocks per subject: 6
[Filtering] Subjects remaining: 0 (removed 2846)
OnlineSubjectDataset initialized with following configuration:
{'Total Samples': 1454358, 'Total Subjects': 2846}
[Filtering] Required windows per batch: 4
[Filtering] Required batches per block: 58
[Filtering] Required blocks per subject: 6
[Filtering] Subjects remaining: 0 (removed 2846)
OnlineSubjectDataset initialized with following configuration:
{'Total Samples': 1454358, 'Total Subjects': 2846}
[Filtering] Required windows per batch: 4
[Filtering] Required batches per block: 59
[Filtering] Required blocks per subject: 6
[Filtering] Subjects remaining: 0 (removed 2846)
OnlineSubjectDataset initialized with following configuration:
{'Total Samples': 1454358, 'Total Subjects': 2846}
[Filtering] Required windows per batch: 4
[Filtering] Required batches per block: 60
[Filtering] Required blocks per subject: 6
[Filtering] Subjects remaining: 0 (removed 2846)
OnlineSubjectDataset initialized with following configuration:
{'Total Samples': 1454358, 'Total Subjects': 2846}
[Filtering] Required windows per batch: 4
[Filtering] Required batches per block: 61
[Filtering] Required blocks per subject: 6
[Filtering] Subjects remaining: 0 (removed 2846)
OnlineSubjectDataset initialized with following configuration:
{'Total Samples': 1454358, 'Total Subjects': 2846}
[Filtering] Required windows per batch: 4
[Filtering] Required batches per block: 62
[Filtering] Required blocks per subject: 6
[Filtering] Subjects remaining: 0 (removed 2846)
OnlineSubjectDataset initialized with following configuration:
{'Total Samples': 1454358, 'Total Subjects': 2846}
[Filtering] Required windows per batch: 4
[Filtering] Required batches per block: 63
[Filtering] Required blocks per subject: 6
[Filtering] Subjects remaining: 0 (removed 2846)
OnlineSubjectDataset initialized with following configuration:
{'Total Samples': 1454358, 'Total Subjects': 2846}
[Filtering] Required windows per batch: 4
[Filtering] Required batches per block: 64
[Filtering] Required blocks per subject: 6
[Filtering] Subjects remaining: 0 (removed 2846)
OnlineSubjectDataset initialized with following configuration:
{'Total Samples': 1454358, 'Total Subjects': 2846}
[Filtering] Required windows per batch: 4
[Filtering] Required batches per block: 65
[Filtering] Required blocks per subject: 6
[Filtering] Subjects remaining: 0 (removed 2846)
OnlineSubjectDataset initialized with following configuration:
{'Total Samples': 1454358, 'Total Subjects': 2846}
[Filtering] Required windows per batch: 4
[Filtering] Required batches per block: 66
[Filtering] Required blocks per subject: 6
[Filtering] Subjects remaining: 0 (removed 2846)
OnlineSubjectDataset initialized with following configuration:
{'Total Samples': 1454358, 'Total Subjects': 2846}
[Filtering] Required windows per batch: 4
[Filtering] Required batches per block: 67
[Filtering] Required blocks per subject: 6
[Filtering] Subjects remaining: 0 (removed 2846)
OnlineSubjectDataset initialized with following configuration:
{'Total Samples': 1454358, 'Total Subjects': 2846}
[Filtering] Required windows per batch: 4
[Filtering] Required batches per block: 68
[Filtering] Required blocks per subject: 6
[Filtering] Subjects remaining: 0 (removed 2846)
OnlineSubjectDataset initialized with following configuration:
{'Total Samples': 1454358, 'Total Subjects': 2846}
[Filtering] Required windows per batch: 4
[Filtering] Required batches per block: 69
[Filtering] Required blocks per subject: 6
[Filtering] Subjects remaining: 0 (removed 2846)
OnlineSubjectDataset initialized with following configuration:
{'Total Samples': 1454358, 'Total Subjects': 2846}
[Filtering] Required windows per batch: 4
[Filtering] Required batches per block: 70
[Filtering] Required blocks per subject: 6
[Filtering] Subjects remaining: 0 (removed 2846)
OnlineSubjectDataset initialized with following configuration:
{'Total Samples': 1454358, 'Total Subjects': 2846}
[Filtering] Required windows per batch: 4
[Filtering] Required batches per block: 71
[Filtering] Required blocks per subject: 6
[Filtering] Subjects remaining: 0 (removed 2846)
OnlineSubjectDataset initialized with following configuration:
{'Total Samples': 1454358, 'Total Subjects': 2846}
[Filtering] Required windows per batch: 4
[Filtering] Required batches per block: 72
[Filtering] Required blocks per subject: 6
[Filtering] Subjects remaining: 0 (removed 2846)
OnlineSubjectDataset initialized with following configuration:
{'Total Samples': 1454358, 'Total Subjects': 2846}
[Filtering] Required windows per batch: 4
[Filtering] Required batches per block: 73
[Filtering] Required blocks per subject: 6
[Filtering] Subjects remaining: 0 (removed 2846)
OnlineSubjectDataset initialized with following configuration:
{'Total Samples': 1454358, 'Total Subjects': 2846}
[Filtering] Required windows per batch: 4
[Filtering] Required batches per block: 40
[Filtering] Required blocks per subject: 20
[Filtering] Subjects remaining: 0 (removed 2846)
OnlineSubjectDataset initialized with following configuration:
{'Total Samples': 1454358, 'Total Subjects': 2846}
[Filtering] Required windows per batch: 4
[Filtering] Required batches per block: 41
[Filtering] Required blocks per subject: 20
[Filtering] Subjects remaining: 0 (removed 2846)
OnlineSubjectDataset initialized with following configuration:
{'Total Samples': 1454358, 'Total Subjects': 2846}
[Filtering] Required windows per batch: 4
[Filtering] Required batches per block: 42
[Filtering] Required blocks per subject: 20
[Filtering] Subjects remaining: 0 (removed 2846)
OnlineSubjectDataset initialized with following configuration:
{'Total Samples': 1454358, 'Total Subjects': 2846}
[Filtering] Required windows per batch: 4
[Filtering] Required batches per block: 43
[Filtering] Required blocks per subject: 20
[Filtering] Subjects remaining: 0 (removed 2846)
OnlineSubjectDataset initialized with following configuration:
{'Total Samples': 1454358, 'Total Subjects': 2846}
[Filtering] Required windows per batch: 4
[Filtering] Required batches per block: 44
[Filtering] Required blocks per subject: 20
[Filtering] Subjects remaining: 0 (removed 2846)
OnlineSubjectDataset initialized with following configuration:
{'Total Samples': 1454358, 'Total Subjects': 2846}
[Filtering] Required windows per batch: 4
[Filtering] Required batches per block: 45
[Filtering] Required blocks per subject: 20
[Filtering] Subjects remaining: 0 (removed 2846)
OnlineSubjectDataset initialized with following configuration:
{'Total Samples': 1454358, 'Total Subjects': 2846}
[Filtering] Required windows per batch: 4
[Filtering] Required batches per block: 46
[Filtering] Required blocks per subject: 20
[Filtering] Subjects remaining: 0 (removed 2846)
OnlineSubjectDataset initialized with following configuration:
{'Total Samples': 1454358, 'Total Subjects': 2846}
[Filtering] Required windows per batch: 4
[Filtering] Required batches per block: 47
[Filtering] Required blocks per subject: 20
[Filtering] Subjects remaining: 0 (removed 2846)
OnlineSubjectDataset initialized with following configuration:
{'Total Samples': 1454358, 'Total Subjects': 2846}
[Filtering] Required windows per batch: 4
[Filtering] Required batches per block: 48
[Filtering] Required blocks per subject: 20
[Filtering] Subjects remaining: 0 (removed 2846)
OnlineSubjectDataset initialized with following configuration:
{'Total Samples': 1454358, 'Total Subjects': 2846}
[Filtering] Required windows per batch: 4
[Filtering] Required batches per block: 49
[Filtering] Required blocks per subject: 20
[Filtering] Subjects remaining: 0 (removed 2846)
OnlineSubjectDataset initialized with following configuration:
{'Total Samples': 1454358, 'Total Subjects': 2846}
[Filtering] Required windows per batch: 4
[Filtering] Required batches per block: 50
[Filtering] Required blocks per subject: 20
[Filtering] Subjects remaining: 0 (removed 2846)
OnlineSubjectDataset initialized with following configuration:
{'Total Samples': 1454358, 'Total Subjects': 2846}
[Filtering] Required windows per batch: 4
[Filtering] Required batches per block: 51
[Filtering] Required blocks per subject: 20
[Filtering] Subjects remaining: 0 (removed 2846)
OnlineSubjectDataset initialized with following configuration:
{'Total Samples': 1454358, 'Total Subjects': 2846}
[Filtering] Required windows per batch: 4
[Filtering] Required batches per block: 52
[Filtering] Required blocks per subject: 20
[Filtering] Subjects remaining: 0 (removed 2846)
OnlineSubjectDataset initialized with following configuration:
{'Total Samples': 1454358, 'Total Subjects': 2846}
[Filtering] Required windows per batch: 4
[Filtering] Required batches per block: 53
[Filtering] Required blocks per subject: 20
[Filtering] Subjects remaining: 0 (removed 2846)
OnlineSubjectDataset initialized with following configuration:
{'Total Samples': 1454358, 'Total Subjects': 2846}
[Filtering] Required windows per batch: 4
[Filtering] Required batches per block: 54
[Filtering] Required blocks per subject: 20
[Filtering] Subjects remaining: 0 (removed 2846)
OnlineSubjectDataset initialized with following configuration:
{'Total Samples': 1454358, 'Total Subjects': 2846}
[Filtering] Required windows per batch: 4
[Filtering] Required batches per block: 55
[Filtering] Required blocks per subject: 20
[Filtering] Subjects remaining: 0 (removed 2846)
OnlineSubjectDataset initialized with following configuration:
{'Total Samples': 1454358, 'Total Subjects': 2846}
[Filtering] Required windows per batch: 4
[Filtering] Required batches per block: 56
[Filtering] Required blocks per subject: 20
[Filtering] Subjects remaining: 0 (removed 2846)
OnlineSubjectDataset initialized with following configuration:
{'Total Samples': 1454358, 'Total Subjects': 2846}
[Filtering] Required windows per batch: 4
[Filtering] Required batches per block: 57
[Filtering] Required blocks per subject: 20
[Filtering] Subjects remaining: 0 (removed 2846)
OnlineSubjectDataset initialized with following configuration:
{'Total Samples': 1454358, 'Total Subjects': 2846}
[Filtering] Required windows per batch: 4
[Filtering] Required batches per block: 58
[Filtering] Required blocks per subject: 20
[Filtering] Subjects remaining: 0 (removed 2846)
OnlineSubjectDataset initialized with following configuration:
{'Total Samples': 1454358, 'Total Subjects': 2846}
[Filtering] Required windows per batch: 4
[Filtering] Required batches per block: 59
[Filtering] Required blocks per subject: 20
[Filtering] Subjects remaining: 0 (removed 2846)
OnlineSubjectDataset initialized with following configuration:
{'Total Samples': 1454358, 'Total Subjects': 2846}
[Filtering] Required windows per batch: 4
[Filtering] Required batches per block: 60
[Filtering] Required blocks per subject: 20
[Filtering] Subjects remaining: 0 (removed 2846)
OnlineSubjectDataset initialized with following configuration:
{'Total Samples': 1454358, 'Total Subjects': 2846}
[Filtering] Required windows per batch: 4
[Filtering] Required batches per block: 61
[Filtering] Required blocks per subject: 20
[Filtering] Subjects remaining: 0 (removed 2846)
OnlineSubjectDataset initialized with following configuration:
{'Total Samples': 1454358, 'Total Subjects': 2846}
[Filtering] Required windows per batch: 4
[Filtering] Required batches per block: 62
[Filtering] Required blocks per subject: 20
[Filtering] Subjects remaining: 0 (removed 2846)
OnlineSubjectDataset initialized with following configuration:
{'Total Samples': 1454358, 'Total Subjects': 2846}
[Filtering] Required windows per batch: 4
[Filtering] Required batches per block: 63
[Filtering] Required blocks per subject: 20
[Filtering] Subjects remaining: 0 (removed 2846)
OnlineSubjectDataset initialized with following configuration:
{'Total Samples': 1454358, 'Total Subjects': 2846}
[Filtering] Required windows per batch: 4
[Filtering] Required batches per block: 64
[Filtering] Required blocks per subject: 20
[Filtering] Subjects remaining: 0 (removed 2846)
OnlineSubjectDataset initialized with following configuration:
{'Total Samples': 1454358, 'Total Subjects': 2846}
[Filtering] Required windows per batch: 4
[Filtering] Required batches per block: 65
[Filtering] Required blocks per subject: 20
[Filtering] Subjects remaining: 0 (removed 2846)
OnlineSubjectDataset initialized with following configuration:
{'Total Samples': 1454358, 'Total Subjects': 2846}
[Filtering] Required windows per batch: 4
[Filtering] Required batches per block: 66
[Filtering] Required blocks per subject: 20
[Filtering] Subjects remaining: 0 (removed 2846)
OnlineSubjectDataset initialized with following configuration:
{'Total Samples': 1454358, 'Total Subjects': 2846}
[Filtering] Required windows per batch: 4
[Filtering] Required batches per block: 67
[Filtering] Required blocks per subject: 20
[Filtering] Subjects remaining: 0 (removed 2846)
OnlineSubjectDataset initialized with following configuration:
{'Total Samples': 1454358, 'Total Subjects': 2846}
[Filtering] Required windows per batch: 4
[Filtering] Required batches per block: 43
[Filtering] Required blocks per subject: 13
[Filtering] Subjects remaining: 0 (removed 2846)
OnlineSubjectDataset initialized with following configuration:
{'Total Samples': 1454358, 'Total Subjects': 2846}
[Filtering] Required windows per batch: 4
[Filtering] Required batches per block: 44
[Filtering] Required blocks per subject: 13
[Filtering] Subjects remaining: 0 (removed 2846)
OnlineSubjectDataset initialized with following configuration:
{'Total Samples': 1454358, 'Total Subjects': 2846}
[Filtering] Required windows per batch: 4
[Filtering] Required batches per block: 45
[Filtering] Required blocks per subject: 13
[Filtering] Subjects remaining: 0 (removed 2846)
OnlineSubjectDataset initialized with following configuration:
{'Total Samples': 1454358, 'Total Subjects': 2846}
[Filtering] Required windows per batch: 4
[Filtering] Required batches per block: 46
[Filtering] Required blocks per subject: 13
[Filtering] Subjects remaining: 0 (removed 2846)
OnlineSubjectDataset initialized with following configuration:
{'Total Samples': 1454358, 'Total Subjects': 2846}
[Filtering] Required windows per batch: 4
[Filtering] Required batches per block: 47
[Filtering] Required blocks per subject: 13
[Filtering] Subjects remaining: 0 (removed 2846)
OnlineSubjectDataset initialized with following configuration:
{'Total Samples': 1454358, 'Total Subjects': 2846}
[Filtering] Required windows per batch: 4
[Filtering] Required batches per block: 48
[Filtering] Required blocks per subject: 13
[Filtering] Subjects remaining: 0 (removed 2846)
OnlineSubjectDataset initialized with following configuration:
{'Total Samples': 1454358, 'Total Subjects': 2846}
[Filtering] Required windows per batch: 4
[Filtering] Required batches per block: 49
[Filtering] Required blocks per subject: 13
[Filtering] Subjects remaining: 0 (removed 2846)
OnlineSubjectDataset initialized with following configuration:
{'Total Samples': 1454358, 'Total Subjects': 2846}
[Filtering] Required windows per batch: 4
[Filtering] Required batches per block: 50
[Filtering] Required blocks per subject: 13
[Filtering] Subjects remaining: 0 (removed 2846)
OnlineSubjectDataset initialized with following configuration:
{'Total Samples': 1454358, 'Total Subjects': 2846}
[Filtering] Required windows per batch: 4
[Filtering] Required batches per block: 51
[Filtering] Required blocks per subject: 13
[Filtering] Subjects remaining: 0 (removed 2846)
OnlineSubjectDataset initialized with following configuration:
{'Total Samples': 1454358, 'Total Subjects': 2846}
[Filtering] Required windows per batch: 4
[Filtering] Required batches per block: 52
[Filtering] Required blocks per subject: 13
[Filtering] Subjects remaining: 0 (removed 2846)
OnlineSubjectDataset initialized with following configuration:
{'Total Samples': 1454358, 'Total Subjects': 2846}
[Filtering] Required windows per batch: 4
[Filtering] Required batches per block: 53
[Filtering] Required blocks per subject: 13
[Filtering] Subjects remaining: 0 (removed 2846)
OnlineSubjectDataset initialized with following configuration:
{'Total Samples': 1454358, 'Total Subjects': 2846}
[Filtering] Required windows per batch: 4
[Filtering] Required batches per block: 54
[Filtering] Required blocks per subject: 13
[Filtering] Subjects remaining: 0 (removed 2846)
OnlineSubjectDataset initialized with following configuration:
{'Total Samples': 1454358, 'Total Subjects': 2846}
[Filtering] Required windows per batch: 4
[Filtering] Required batches per block: 55
[Filtering] Required blocks per subject: 13
[Filtering] Subjects remaining: 0 (removed 2846)
OnlineSubjectDataset initialized with following configuration:
{'Total Samples': 1454358, 'Total Subjects': 2846}
[Filtering] Required windows per batch: 4
[Filtering] Required batches per block: 56
[Filtering] Required blocks per subject: 13
[Filtering] Subjects remaining: 0 (removed 2846)
OnlineSubjectDataset initialized with following configuration:
{'Total Samples': 1454358, 'Total Subjects': 2846}
[Filtering] Required windows per batch: 4
[Filtering] Required batches per block: 57
[Filtering] Required blocks per subject: 13
[Filtering] Subjects remaining: 0 (removed 2846)
OnlineSubjectDataset initialized with following configuration:
{'Total Samples': 1454358, 'Total Subjects': 2846}
[Filtering] Required windows per batch: 4
[Filtering] Required batches per block: 58
[Filtering] Required blocks per subject: 13
[Filtering] Subjects remaining: 0 (removed 2846)
OnlineSubjectDataset initialized with following configuration:
{'Total Samples': 1454358, 'Total Subjects': 2846}
[Filtering] Required windows per batch: 4
[Filtering] Required batches per block: 59
[Filtering] Required blocks per subject: 13
[Filtering] Subjects remaining: 0 (removed 2846)
OnlineSubjectDataset initialized with following configuration:
{'Total Samples': 1454358, 'Total Subjects': 2846}
[Filtering] Required windows per batch: 4
[Filtering] Required batches per block: 60
[Filtering] Required blocks per subject: 13
[Filtering] Subjects remaining: 0 (removed 2846)
OnlineSubjectDataset initialized with following configuration:
{'Total Samples': 1454358, 'Total Subjects': 2846}
[Filtering] Required windows per batch: 4
[Filtering] Required batches per block: 61
[Filtering] Required blocks per subject: 13
[Filtering] Subjects remaining: 0 (removed 2846)
OnlineSubjectDataset initialized with following configuration:
{'Total Samples': 1454358, 'Total Subjects': 2846}
[Filtering] Required windows per batch: 4
[Filtering] Required batches per block: 62
[Filtering] Required blocks per subject: 13
[Filtering] Subjects remaining: 0 (removed 2846)
OnlineSubjectDataset initialized with following configuration:
{'Total Samples': 1454358, 'Total Subjects': 2846}
[Filtering] Required windows per batch: 4
[Filtering] Required batches per block: 63
[Filtering] Required blocks per subject: 13
[Filtering] Subjects remaining: 0 (removed 2846)
OnlineSubjectDataset initialized with following configuration:
{'Total Samples': 1454358, 'Total Subjects': 2846}
[Filtering] Required windows per batch: 4
[Filtering] Required batches per block: 64
[Filtering] Required blocks per subject: 13
[Filtering] Subjects remaining: 0 (removed 2846)
OnlineSubjectDataset initialized with following configuration:
{'Total Samples': 1454358, 'Total Subjects': 2846}
[Filtering] Required windows per batch: 4
[Filtering] Required batches per block: 65
[Filtering] Required blocks per subject: 13
[Filtering] Subjects remaining: 0 (removed 2846)
OnlineSubjectDataset initialized with following configuration:
{'Total Samples': 1454358, 'Total Subjects': 2846}
[Filtering] Required windows per batch: 4
[Filtering] Required batches per block: 66
[Filtering] Required blocks per subject: 13
[Filtering] Subjects remaining: 0 (removed 2846)
OnlineSubjectDataset initialized with following configuration:
{'Total Samples': 1454358, 'Total Subjects': 2846}
[Filtering] Required windows per batch: 4
[Filtering] Required batches per block: 67
[Filtering] Required blocks per subject: 13
[Filtering] Subjects remaining: 0 (removed 2846)
OnlineSubjectDataset initialized with following configuration:
{'Total Samples': 1454358, 'Total Subjects': 2846}
[Filtering] Required windows per batch: 4
[Filtering] Required batches per block: 68
[Filtering] Required blocks per subject: 13
[Filtering] Subjects remaining: 0 (removed 2846)
OnlineSubjectDataset initialized with following configuration:
{'Total Samples': 1454358, 'Total Subjects': 2846}
[Filtering] Required windows per batch: 4
[Filtering] Required batches per block: 69
[Filtering] Required blocks per subject: 13
[Filtering] Subjects remaining: 0 (removed 2846)
OnlineSubjectDataset initialized with following configuration:
{'Total Samples': 1454358, 'Total Subjects': 2846}
[Filtering] Required windows per batch: 4
[Filtering] Required batches per block: 70
[Filtering] Required blocks per subject: 13
[Filtering] Subjects remaining: 0 (removed 2846)
OnlineSubjectDataset initialized with following configuration:
{'Total Samples': 1454358, 'Total Subjects': 2846}
[Filtering] Required windows per batch: 4
[Filtering] Required batches per block: 66
[Filtering] Required blocks per subject: 4
[Filtering] Subjects remaining: 1 (removed 2845)
OnlineSubjectDataset initialized with following configuration:
{'Total Samples': 1454358, 'Total Subjects': 2846}
[Filtering] Required windows per batch: 4
[Filtering] Required batches per block: 67
[Filtering] Required blocks per subject: 4
[Filtering] Subjects remaining: 1 (removed 2845)
OnlineSubjectDataset initialized with following configuration:
{'Total Samples': 1454358, 'Total Subjects': 2846}
[Filtering] Required windows per batch: 4
[Filtering] Required batches per block: 68
[Filtering] Required blocks per subject: 4
[Filtering] Subjects remaining: 1 (removed 2845)
OnlineSubjectDataset initialized with following configuration:
{'Total Samples': 1454358, 'Total Subjects': 2846}
[Filtering] Required windows per batch: 4
[Filtering] Required batches per block: 69
[Filtering] Required blocks per subject: 4
[Filtering] Subjects remaining: 1 (removed 2845)
OnlineSubjectDataset initialized with following configuration:
{'Total Samples': 1454358, 'Total Subjects': 2846}
[Filtering] Required windows per batch: 4
[Filtering] Required batches per block: 70
[Filtering] Required blocks per subject: 4
[Filtering] Subjects remaining: 0 (removed 2846)
OnlineSubjectDataset initialized with following configuration:
{'Total Samples': 1454358, 'Total Subjects': 2846}
[Filtering] Required windows per batch: 4
[Filtering] Required batches per block: 71
[Filtering] Required blocks per subject: 4
[Filtering] Subjects remaining: 0 (removed 2846)
OnlineSubjectDataset initialized with following configuration:
{'Total Samples': 1454358, 'Total Subjects': 2846}
[Filtering] Required windows per batch: 4
[Filtering] Required batches per block: 72
[Filtering] Required blocks per subject: 4
[Filtering] Subjects remaining: 0 (removed 2846)
OnlineSubjectDataset initialized with following configuration:
{'Total Samples': 1454358, 'Total Subjects': 2846}
[Filtering] Required windows per batch: 4
[Filtering] Required batches per block: 73
[Filtering] Required blocks per subject: 4
[Filtering] Subjects remaining: 0 (removed 2846)
OnlineSubjectDataset initialized with following configuration:
{'Total Samples': 1454358, 'Total Subjects': 2846}
[Filtering] Required windows per batch: 4
[Filtering] Required batches per block: 74
[Filtering] Required blocks per subject: 4
[Filtering] Subjects remaining: 0 (removed 2846)
OnlineSubjectDataset initialized with following configuration:
{'Total Samples': 1454358, 'Total Subjects': 2846}
[Filtering] Required windows per batch: 4
[Filtering] Required batches per block: 75
[Filtering] Required blocks per subject: 4
[Filtering] Subjects remaining: 0 (removed 2846)
OnlineSubjectDataset initialized with following configuration:
{'Total Samples': 1454358, 'Total Subjects': 2846}
[Filtering] Required windows per batch: 4
[Filtering] Required batches per block: 76
[Filtering] Required blocks per subject: 4
[Filtering] Subjects remaining: 0 (removed 2846)
OnlineSubjectDataset initialized with following configuration:
{'Total Samples': 1454358, 'Total Subjects': 2846}
[Filtering] Required windows per batch: 4
[Filtering] Required batches per block: 77
[Filtering] Required blocks per subject: 4
[Filtering] Subjects remaining: 0 (removed 2846)
OnlineSubjectDataset initialized with following configuration:
{'Total Samples': 1454358, 'Total Subjects': 2846}
[Filtering] Required windows per batch: 4
[Filtering] Required batches per block: 1
[Filtering] Required blocks per subject: 5
[Filtering] Subjects remaining: 2393 (removed 453)
OnlineSubjectDataset initialized with following configuration:
{'Total Samples': 1454358, 'Total Subjects': 2846}
[Filtering] Required windows per batch: 4
[Filtering] Required batches per block: 2
[Filtering] Required blocks per subject: 5
[Filtering] Subjects remaining: 2123 (removed 723)
OnlineSubjectDataset initialized with following configuration:
{'Total Samples': 1454358, 'Total Subjects': 2846}
[Filtering] Required windows per batch: 4
[Filtering] Required batches per block: 3
[Filtering] Required blocks per subject: 5
[Filtering] Subjects remaining: 1798 (removed 1048)
OnlineSubjectDataset initialized with following configuration:
{'Total Samples': 1454358, 'Total Subjects': 2846}
[Filtering] Required windows per batch: 4
[Filtering] Required batches per block: 4
[Filtering] Required blocks per subject: 5
[Filtering] Subjects remaining: 1508 (removed 1338)
OnlineSubjectDataset initialized with following configuration:
{'Total Samples': 1454358, 'Total Subjects': 2846}
[Filtering] Required windows per batch: 4
[Filtering] Required batches per block: 5
[Filtering] Required blocks per subject: 5
[Filtering] Subjects remaining: 1245 (removed 1601)
OnlineSubjectDataset initialized with following configuration:
{'Total Samples': 1454358, 'Total Subjects': 2846}
[Filtering] Required windows per batch: 4
[Filtering] Required batches per block: 6
[Filtering] Required blocks per subject: 5
[Filtering] Subjects remaining: 1022 (removed 1824)
OnlineSubjectDataset initialized with following configuration:
{'Total Samples': 1454358, 'Total Subjects': 2846}
[Filtering] Required windows per batch: 4
[Filtering] Required batches per block: 7
[Filtering] Required blocks per subject: 5
[Filtering] Subjects remaining: 840 (removed 2006)
OnlineSubjectDataset initialized with following configuration:
{'Total Samples': 1454358, 'Total Subjects': 2846}
[Filtering] Required windows per batch: 4
[Filtering] Required batches per block: 8
[Filtering] Required blocks per subject: 5
[Filtering] Subjects remaining: 695 (removed 2151)
OnlineSubjectDataset initialized with following configuration:
{'Total Samples': 1454358, 'Total Subjects': 2846}
[Filtering] Required windows per batch: 4
[Filtering] Required batches per block: 9
[Filtering] Required blocks per subject: 5
[Filtering] Subjects remaining: 583 (removed 2263)
OnlineSubjectDataset initialized with following configuration:
{'Total Samples': 1454358, 'Total Subjects': 2846}
[Filtering] Required windows per batch: 4
[Filtering] Required batches per block: 10
[Filtering] Required blocks per subject: 5
[Filtering] Subjects remaining: 471 (removed 2375)
OnlineSubjectDataset initialized with following configuration:
{'Total Samples': 1454358, 'Total Subjects': 2846}
[Filtering] Required windows per batch: 4
[Filtering] Required batches per block: 11
[Filtering] Required blocks per subject: 5
[Filtering] Subjects remaining: 380 (removed 2466)
OnlineSubjectDataset initialized with following configuration:
{'Total Samples': 1454358, 'Total Subjects': 2846}
[Filtering] Required windows per batch: 4
[Filtering] Required batches per block: 12
[Filtering] Required blocks per subject: 5
[Filtering] Subjects remaining: 315 (removed 2531)
OnlineSubjectDataset initialized with following configuration:
{'Total Samples': 1454358, 'Total Subjects': 2846}
[Filtering] Required windows per batch: 4
[Filtering] Required batches per block: 13
[Filtering] Required blocks per subject: 5
[Filtering] Subjects remaining: 266 (removed 2580)
OnlineSubjectDataset initialized with following configuration:
{'Total Samples': 1454358, 'Total Subjects': 2846}
[Filtering] Required windows per batch: 4
[Filtering] Required batches per block: 14
[Filtering] Required blocks per subject: 5
[Filtering] Subjects remaining: 222 (removed 2624)
OnlineSubjectDataset initialized with following configuration:
{'Total Samples': 1454358, 'Total Subjects': 2846}
[Filtering] Required windows per batch: 4
[Filtering] Required batches per block: 15
[Filtering] Required blocks per subject: 5
[Filtering] Subjects remaining: 186 (removed 2660)
OnlineSubjectDataset initialized with following configuration:
{'Total Samples': 1454358, 'Total Subjects': 2846}
[Filtering] Required windows per batch: 4
[Filtering] Required batches per block: 16
[Filtering] Required blocks per subject: 5
[Filtering] Subjects remaining: 148 (removed 2698)
OnlineSubjectDataset initialized with following configuration:
{'Total Samples': 1454358, 'Total Subjects': 2846}
[Filtering] Required windows per batch: 4
[Filtering] Required batches per block: 23
[Filtering] Required blocks per subject: 15
[Filtering] Subjects remaining: 0 (removed 2846)
OnlineSubjectDataset initialized with following configuration:
{'Total Samples': 1454358, 'Total Subjects': 2846}
[Filtering] Required windows per batch: 4
[Filtering] Required batches per block: 24
[Filtering] Required blocks per subject: 15
[Filtering] Subjects remaining: 0 (removed 2846)
OnlineSubjectDataset initialized with following configuration:
{'Total Samples': 1454358, 'Total Subjects': 2846}
[Filtering] Required windows per batch: 4
[Filtering] Required batches per block: 25
[Filtering] Required blocks per subject: 15
[Filtering] Subjects remaining: 0 (removed 2846)
OnlineSubjectDataset initialized with following configuration:
{'Total Samples': 1454358, 'Total Subjects': 2846}
[Filtering] Required windows per batch: 4
[Filtering] Required batches per block: 26
[Filtering] Required blocks per subject: 15
[Filtering] Subjects remaining: 0 (removed 2846)
OnlineSubjectDataset initialized with following configuration:
{'Total Samples': 1454358, 'Total Subjects': 2846}
[Filtering] Required windows per batch: 4
[Filtering] Required batches per block: 27
[Filtering] Required blocks per subject: 15
[Filtering] Subjects remaining: 0 (removed 2846)
OnlineSubjectDataset initialized with following configuration:
{'Total Samples': 1454358, 'Total Subjects': 2846}
[Filtering] Required windows per batch: 4
[Filtering] Required batches per block: 28
[Filtering] Required blocks per subject: 15
[Filtering] Subjects remaining: 0 (removed 2846)
OnlineSubjectDataset initialized with following configuration:
{'Total Samples': 1454358, 'Total Subjects': 2846}
[Filtering] Required windows per batch: 4
[Filtering] Required batches per block: 29
[Filtering] Required blocks per subject: 15
[Filtering] Subjects remaining: 0 (removed 2846)
OnlineSubjectDataset initialized with following configuration:
{'Total Samples': 1454358, 'Total Subjects': 2846}
[Filtering] Required windows per batch: 4
[Filtering] Required batches per block: 30
[Filtering] Required blocks per subject: 15
[Filtering] Subjects remaining: 0 (removed 2846)
OnlineSubjectDataset initialized with following configuration:
{'Total Samples': 1454358, 'Total Subjects': 2846}
[Filtering] Required windows per batch: 4
[Filtering] Required batches per block: 31
[Filtering] Required blocks per subject: 15
[Filtering] Subjects remaining: 0 (removed 2846)
OnlineSubjectDataset initialized with following configuration:
{'Total Samples': 1454358, 'Total Subjects': 2846}
[Filtering] Required windows per batch: 4
[Filtering] Required batches per block: 32
[Filtering] Required blocks per subject: 15
[Filtering] Subjects remaining: 0 (removed 2846)
OnlineSubjectDataset initialized with following configuration:
{'Total Samples': 1454358, 'Total Subjects': 2846}
[Filtering] Required windows per batch: 4
[Filtering] Required batches per block: 33
[Filtering] Required blocks per subject: 15
[Filtering] Subjects remaining: 0 (removed 2846)
OnlineSubjectDataset initialized with following configuration:
{'Total Samples': 1454358, 'Total Subjects': 2846}
[Filtering] Required windows per batch: 4
[Filtering] Required batches per block: 34
[Filtering] Required blocks per subject: 15
[Filtering] Subjects remaining: 0 (removed 2846)
OnlineSubjectDataset initialized with following configuration:
{'Total Samples': 1454358, 'Total Subjects': 2846}
[Filtering] Required windows per batch: 4
[Filtering] Required batches per block: 35
[Filtering] Required blocks per subject: 15
[Filtering] Subjects remaining: 0 (removed 2846)
OnlineSubjectDataset initialized with following configuration:
{'Total Samples': 1454358, 'Total Subjects': 2846}
[Filtering] Required windows per batch: 4
[Filtering] Required batches per block: 36
[Filtering] Required blocks per subject: 15
[Filtering] Subjects remaining: 0 (removed 2846)
OnlineSubjectDataset initialized with following configuration:
{'Total Samples': 1454358, 'Total Subjects': 2846}
[Filtering] Required windows per batch: 4
[Filtering] Required batches per block: 37
[Filtering] Required blocks per subject: 15
[Filtering] Subjects remaining: 0 (removed 2846)
OnlineSubjectDataset initialized with following configuration:
{'Total Samples': 1454358, 'Total Subjects': 2846}
[Filtering] Required windows per batch: 4
[Filtering] Required batches per block: 38
[Filtering] Required blocks per subject: 15
[Filtering] Subjects remaining: 0 (removed 2846)
OnlineSubjectDataset initialized with following configuration:
{'Total Samples': 1454358, 'Total Subjects': 2846}
[Filtering] Required windows per batch: 4
[Filtering] Required batches per block: 39
[Filtering] Required blocks per subject: 15
[Filtering] Subjects remaining: 0 (removed 2846)
OnlineSubjectDataset initialized with following configuration:
{'Total Samples': 1454358, 'Total Subjects': 2846}
[Filtering] Required windows per batch: 4
[Filtering] Required batches per block: 40
[Filtering] Required blocks per subject: 15
[Filtering] Subjects remaining: 0 (removed 2846)
OnlineSubjectDataset initialized with following configuration:
{'Total Samples': 1454358, 'Total Subjects': 2846}
[Filtering] Required windows per batch: 4
[Filtering] Required batches per block: 41
[Filtering] Required blocks per subject: 15
[Filtering] Subjects remaining: 0 (removed 2846)
OnlineSubjectDataset initialized with following configuration:
{'Total Samples': 1454358, 'Total Subjects': 2846}
[Filtering] Required windows per batch: 4
[Filtering] Required batches per block: 42
[Filtering] Required blocks per subject: 15
[Filtering] Subjects remaining: 0 (removed 2846)
OnlineSubjectDataset initialized with following configuration:
{'Total Samples': 1454358, 'Total Subjects': 2846}
[Filtering] Required windows per batch: 4
[Filtering] Required batches per block: 43
[Filtering] Required blocks per subject: 15
[Filtering] Subjects remaining: 0 (removed 2846)
OnlineSubjectDataset initialized with following configuration:
{'Total Samples': 1454358, 'Total Subjects': 2846}
[Filtering] Required windows per batch: 4
[Filtering] Required batches per block: 44
[Filtering] Required blocks per subject: 15
[Filtering] Subjects remaining: 0 (removed 2846)
OnlineSubjectDataset initialized with following configuration:
{'Total Samples': 1454358, 'Total Subjects': 2846}
[Filtering] Required windows per batch: 4
[Filtering] Required batches per block: 45
[Filtering] Required blocks per subject: 15
[Filtering] Subjects remaining: 0 (removed 2846)
OnlineSubjectDataset initialized with following configuration:
{'Total Samples': 1454358, 'Total Subjects': 2846}
[Filtering] Required windows per batch: 4
[Filtering] Required batches per block: 46
[Filtering] Required blocks per subject: 15
[Filtering] Subjects remaining: 0 (removed 2846)
OnlineSubjectDataset initialized with following configuration:
{'Total Samples': 1454358, 'Total Subjects': 2846}
[Filtering] Required windows per batch: 4
[Filtering] Required batches per block: 47
[Filtering] Required blocks per subject: 15
[Filtering] Subjects remaining: 0 (removed 2846)
OnlineSubjectDataset initialized with following configuration:
{'Total Samples': 1454358, 'Total Subjects': 2846}
[Filtering] Required windows per batch: 4
[Filtering] Required batches per block: 48
[Filtering] Required blocks per subject: 15
[Filtering] Subjects remaining: 0 (removed 2846)
OnlineSubjectDataset initialized with following configuration:
{'Total Samples': 1454358, 'Total Subjects': 2846}
[Filtering] Required windows per batch: 4
[Filtering] Required batches per block: 49
[Filtering] Required blocks per subject: 15
[Filtering] Subjects remaining: 0 (removed 2846)
OnlineSubjectDataset initialized with following configuration:
{'Total Samples': 1454358, 'Total Subjects': 2846}
[Filtering] Required windows per batch: 4
[Filtering] Required batches per block: 50
[Filtering] Required blocks per subject: 15
[Filtering] Subjects remaining: 0 (removed 2846)
OnlineSubjectDataset initialized with following configuration:
{'Total Samples': 1454358, 'Total Subjects': 2846}
[Filtering] Required windows per batch: 4
[Filtering] Required batches per block: 6
[Filtering] Required blocks per subject: 10
[Filtering] Subjects remaining: 357 (removed 2489)
OnlineSubjectDataset initialized with following configuration:
{'Total Samples': 1454358, 'Total Subjects': 2846}
[Filtering] Required windows per batch: 4
[Filtering] Required batches per block: 7
[Filtering] Required blocks per subject: 10
[Filtering] Subjects remaining: 237 (removed 2609)
OnlineSubjectDataset initialized with following configuration:
{'Total Samples': 1454358, 'Total Subjects': 2846}
[Filtering] Required windows per batch: 4
[Filtering] Required batches per block: 8
[Filtering] Required blocks per subject: 10
[Filtering] Subjects remaining: 159 (removed 2687)
OnlineSubjectDataset initialized with following configuration:
{'Total Samples': 1454358, 'Total Subjects': 2846}
[Filtering] Required windows per batch: 4
[Filtering] Required batches per block: 9
[Filtering] Required blocks per subject: 10
[Filtering] Subjects remaining: 112 (removed 2734)
OnlineSubjectDataset initialized with following configuration:
{'Total Samples': 1454358, 'Total Subjects': 2846}
[Filtering] Required windows per batch: 4
[Filtering] Required batches per block: 10
[Filtering] Required blocks per subject: 10
[Filtering] Subjects remaining: 79 (removed 2767)
OnlineSubjectDataset initialized with following configuration:
{'Total Samples': 1454358, 'Total Subjects': 2846}
[Filtering] Required windows per batch: 4
[Filtering] Required batches per block: 11
[Filtering] Required blocks per subject: 10
[Filtering] Subjects remaining: 51 (removed 2795)
OnlineSubjectDataset initialized with following configuration:
{'Total Samples': 1454358, 'Total Subjects': 2846}
[Filtering] Required windows per batch: 4
[Filtering] Required batches per block: 12
[Filtering] Required blocks per subject: 10
[Filtering] Subjects remaining: 30 (removed 2816)
OnlineSubjectDataset initialized with following configuration:
{'Total Samples': 1454358, 'Total Subjects': 2846}
[Filtering] Required windows per batch: 4
[Filtering] Required batches per block: 13
[Filtering] Required blocks per subject: 10
[Filtering] Subjects remaining: 18 (removed 2828)
OnlineSubjectDataset initialized with following configuration:
{'Total Samples': 1454358, 'Total Subjects': 2846}
[Filtering] Required windows per batch: 4
[Filtering] Required batches per block: 14
[Filtering] Required blocks per subject: 10
[Filtering] Subjects remaining: 10 (removed 2836)
OnlineSubjectDataset initialized with following configuration:
{'Total Samples': 1454358, 'Total Subjects': 2846}
[Filtering] Required windows per batch: 4
[Filtering] Required batches per block: 15
[Filtering] Required blocks per subject: 10
[Filtering] Subjects remaining: 6 (removed 2840)
OnlineSubjectDataset initialized with following configuration:
{'Total Samples': 1454358, 'Total Subjects': 2846}
[Filtering] Required windows per batch: 4
[Filtering] Required batches per block: 16
[Filtering] Required blocks per subject: 10
[Filtering] Subjects remaining: 5 (removed 2841)
OnlineSubjectDataset initialized with following configuration:
{'Total Samples': 1454358, 'Total Subjects': 2846}
[Filtering] Required windows per batch: 4
[Filtering] Required batches per block: 17
[Filtering] Required blocks per subject: 10
[Filtering] Subjects remaining: 3 (removed 2843)
OnlineSubjectDataset initialized with following configuration:
{'Total Samples': 1454358, 'Total Subjects': 2846}
[Filtering] Required windows per batch: 4
[Filtering] Required batches per block: 18
[Filtering] Required blocks per subject: 10
[Filtering] Subjects remaining: 2 (removed 2844)
OnlineSubjectDataset initialized with following configuration:
{'Total Samples': 1454358, 'Total Subjects': 2846}
[Filtering] Required windows per batch: 4
[Filtering] Required batches per block: 19
[Filtering] Required blocks per subject: 10
[Filtering] Subjects remaining: 2 (removed 2844)
OnlineSubjectDataset initialized with following configuration:
{'Total Samples': 1454358, 'Total Subjects': 2846}
[Filtering] Required windows per batch: 4
[Filtering] Required batches per block: 20
[Filtering] Required blocks per subject: 10
[Filtering] Subjects remaining: 2 (removed 2844)
OnlineSubjectDataset initialized with following configuration:
{'Total Samples': 1454358, 'Total Subjects': 2846}
[Filtering] Required windows per batch: 4
[Filtering] Required batches per block: 21
[Filtering] Required blocks per subject: 10
[Filtering] Subjects remaining: 1 (removed 2845)
OnlineSubjectDataset initialized with following configuration:
{'Total Samples': 1454358, 'Total Subjects': 2846}
[Filtering] Required windows per batch: 4
[Filtering] Required batches per block: 22
[Filtering] Required blocks per subject: 10
[Filtering] Subjects remaining: 1 (removed 2845)
OnlineSubjectDataset initialized with following configuration:
{'Total Samples': 1454358, 'Total Subjects': 2846}
[Filtering] Required windows per batch: 4
[Filtering] Required batches per block: 23
[Filtering] Required blocks per subject: 10
[Filtering] Subjects remaining: 1 (removed 2845)
OnlineSubjectDataset initialized with following configuration:
{'Total Samples': 1454358, 'Total Subjects': 2846}
[Filtering] Required windows per batch: 4
[Filtering] Required batches per block: 24
[Filtering] Required blocks per subject: 10
[Filtering] Subjects remaining: 1 (removed 2845)
OnlineSubjectDataset initialized with following configuration:
{'Total Samples': 1454358, 'Total Subjects': 2846}
[Filtering] Required windows per batch: 4
[Filtering] Required batches per block: 25
[Filtering] Required blocks per subject: 10
[Filtering] Subjects remaining: 1 (removed 2845)
OnlineSubjectDataset initialized with following configuration:
{'Total Samples': 1454358, 'Total Subjects': 2846}
[Filtering] Required windows per batch: 4
[Filtering] Required batches per block: 26
[Filtering] Required blocks per subject: 10
[Filtering] Subjects remaining: 1 (removed 2845)
OnlineSubjectDataset initialized with following configuration:
{'Total Samples': 1454358, 'Total Subjects': 2846}
[Filtering] Required windows per batch: 4
[Filtering] Required batches per block: 27
[Filtering] Required blocks per subject: 10
[Filtering] Subjects remaining: 1 (removed 2845)
OnlineSubjectDataset initialized with following configuration:
{'Total Samples': 1454358, 'Total Subjects': 2846}
[Filtering] Required windows per batch: 4
[Filtering] Required batches per block: 28
[Filtering] Required blocks per subject: 10
[Filtering] Subjects remaining: 1 (removed 2845)
OnlineSubjectDataset initialized with following configuration:
{'Total Samples': 1454358, 'Total Subjects': 2846}
[Filtering] Required windows per batch: 4
[Filtering] Required batches per block: 29
[Filtering] Required blocks per subject: 10
[Filtering] Subjects remaining: 0 (removed 2846)
OnlineSubjectDataset initialized with following configuration:
{'Total Samples': 1454358, 'Total Subjects': 2846}
[Filtering] Required windows per batch: 4
[Filtering] Required batches per block: 30
[Filtering] Required blocks per subject: 10
[Filtering] Subjects remaining: 0 (removed 2846)
OnlineSubjectDataset initialized with following configuration:
{'Total Samples': 1454358, 'Total Subjects': 2846}
[Filtering] Required windows per batch: 4
[Filtering] Required batches per block: 31
[Filtering] Required blocks per subject: 10
[Filtering] Subjects remaining: 0 (removed 2846)
OnlineSubjectDataset initialized with following configuration:
{'Total Samples': 1454358, 'Total Subjects': 2846}
[Filtering] Required windows per batch: 4
[Filtering] Required batches per block: 32
[Filtering] Required blocks per subject: 10
[Filtering] Subjects remaining: 0 (removed 2846)
OnlineSubjectDataset initialized with following configuration:
{'Total Samples': 1454358, 'Total Subjects': 2846}
[Filtering] Required windows per batch: 4
[Filtering] Required batches per block: 33
[Filtering] Required blocks per subject: 10
[Filtering] Subjects remaining: 0 (removed 2846)
[Filtering] Required blocks per subject: 1
[Filtering] Subjects remaining: 156 (removed 2690)
OnlineSubjectDataset initialized with following configuration:
{'Total Samples': 1454358, 'Total Subjects': 2846}
[Filtering] Required windows per batch: 4
[Filtering] Required batches per block: 57
[Filtering] Required blocks per subject: 1
[Filtering] Subjects remaining: 151 (removed 2695)
OnlineSubjectDataset initialized with following configuration:
{'Total Samples': 1454358, 'Total Subjects': 2846}
[Filtering] Required windows per batch: 4
[Filtering] Required batches per block: 58
[Filtering] Required blocks per subject: 1
[Filtering] Subjects remaining: 146 (removed 2700)
OnlineSubjectDataset initialized with following configuration:
{'Total Samples': 1454358, 'Total Subjects': 2846}
[Filtering] Required windows per batch: 4
[Filtering] Required batches per block: 59
[Filtering] Required blocks per subject: 1
[Filtering] Subjects remaining: 138 (removed 2708)
OnlineSubjectDataset initialized with following configuration:
{'Total Samples': 1454358, 'Total Subjects': 2846}
[Filtering] Required windows per batch: 4
[Filtering] Required batches per block: 60
[Filtering] Required blocks per subject: 1
[Filtering] Subjects remaining: 134 (removed 2712)
OnlineSubjectDataset initialized with following configuration:
{'Total Samples': 1454358, 'Total Subjects': 2846}
[Filtering] Required windows per batch: 4
[Filtering] Required batches per block: 61
[Filtering] Required blocks per subject: 1
[Filtering] Subjects remaining: 132 (removed 2714)
OnlineSubjectDataset initialized with following configuration:
{'Total Samples': 1454358, 'Total Subjects': 2846}
[Filtering] Required windows per batch: 4
[Filtering] Required batches per block: 62
[Filtering] Required blocks per subject: 1
[Filtering] Subjects remaining: 128 (removed 2718)
OnlineSubjectDataset initialized with following configuration:
{'Total Samples': 1454358, 'Total Subjects': 2846}
[Filtering] Required windows per batch: 4
[Filtering] Required batches per block: 63
[Filtering] Required blocks per subject: 1
[Filtering] Subjects remaining: 125 (removed 2721)
OnlineSubjectDataset initialized with following configuration:
{'Total Samples': 1454358, 'Total Subjects': 2846}
[Filtering] Required windows per batch: 4
[Filtering] Required batches per block: 64
[Filtering] Required blocks per subject: 1
[Filtering] Subjects remaining: 120 (removed 2726)
OnlineSubjectDataset initialized with following configuration:
{'Total Samples': 1454358, 'Total Subjects': 2846}
[Filtering] Required windows per batch: 4
[Filtering] Required batches per block: 65
[Filtering] Required blocks per subject: 1
[Filtering] Subjects remaining: 113 (removed 2733)
OnlineSubjectDataset initialized with following configuration:
{'Total Samples': 1454358, 'Total Subjects': 2846}
[Filtering] Required windows per batch: 4
[Filtering] Required batches per block: 66
[Filtering] Required blocks per subject: 1
[Filtering] Subjects remaining: 111 (removed 2735)
OnlineSubjectDataset initialized with following configuration:
{'Total Samples': 1454358, 'Total Subjects': 2846}
[Filtering] Required windows per batch: 4
[Filtering] Required batches per block: 67
[Filtering] Required blocks per subject: 1
[Filtering] Subjects remaining: 105 (removed 2741)
OnlineSubjectDataset initialized with following configuration:
{'Total Samples': 1454358, 'Total Subjects': 2846}
[Filtering] Required windows per batch: 4
[Filtering] Required batches per block: 68
[Filtering] Required blocks per subject: 1
[Filtering] Subjects remaining: 99 (removed 2747)
OnlineSubjectDataset initialized with following configuration:
{'Total Samples': 1454358, 'Total Subjects': 2846}
[Filtering] Required windows per batch: 4
[Filtering] Required batches per block: 69
[Filtering] Required blocks per subject: 1
[Filtering] Subjects remaining: 96 (removed 2750)
OnlineSubjectDataset initialized with following configuration:
{'Total Samples': 1454358, 'Total Subjects': 2846}
[Filtering] Required windows per batch: 4
[Filtering] Required batches per block: 70
[Filtering] Required blocks per subject: 1
[Filtering] Subjects remaining: 91 (removed 2755)
OnlineSubjectDataset initialized with following configuration:
{'Total Samples': 1454358, 'Total Subjects': 2846}
[Filtering] Required windows per batch: 4
[Filtering] Required batches per block: 71
[Filtering] Required blocks per subject: 1
[Filtering] Subjects remaining: 89 (removed 2757)
OnlineSubjectDataset initialized with following configuration:
{'Total Samples': 1454358, 'Total Subjects': 2846}
[Filtering] Required windows per batch: 4
[Filtering] Required batches per block: 72
[Filtering] Required blocks per subject: 1
[Filtering] Subjects remaining: 88 (removed 2758)
OnlineSubjectDataset initialized with following configuration:
{'Total Samples': 1454358, 'Total Subjects': 2846}
[Filtering] Required windows per batch: 4
[Filtering] Required batches per block: 73
[Filtering] Required blocks per subject: 1
[Filtering] Subjects remaining: 83 (removed 2763)
OnlineSubjectDataset initialized with following configuration:
{'Total Samples': 1454358, 'Total Subjects': 2846}
[Filtering] Required windows per batch: 4
[Filtering] Required batches per block: 74
[Filtering] Required blocks per subject: 1
[Filtering] Subjects remaining: 81 (removed 2765)
OnlineSubjectDataset initialized with following configuration:
{'Total Samples': 1454358, 'Total Subjects': 2846}
[Filtering] Required windows per batch: 4
[Filtering] Required batches per block: 75
[Filtering] Required blocks per subject: 1
[Filtering] Subjects remaining: 77 (removed 2769)
OnlineSubjectDataset initialized with following configuration:
{'Total Samples': 1454358, 'Total Subjects': 2846}
[Filtering] Required windows per batch: 4
[Filtering] Required batches per block: 76
[Filtering] Required blocks per subject: 1
[Filtering] Subjects remaining: 76 (removed 2770)
OnlineSubjectDataset initialized with following configuration:
{'Total Samples': 1454358, 'Total Subjects': 2846}
[Filtering] Required windows per batch: 4
[Filtering] Required batches per block: 77
[Filtering] Required blocks per subject: 1
[Filtering] Subjects remaining: 70 (removed 2776)
OnlineSubjectDataset initialized with following configuration:
{'Total Samples': 1454358, 'Total Subjects': 2846}
[Filtering] Required windows per batch: 4
[Filtering] Required batches per block: 1
[Filtering] Required blocks per subject: 2
[Filtering] Subjects remaining: 2556 (removed 290)
OnlineSubjectDataset initialized with following configuration:
{'Total Samples': 1454358, 'Total Subjects': 2846}
[Filtering] Required windows per batch: 4
[Filtering] Required batches per block: 2
[Filtering] Required blocks per subject: 2
[Filtering] Subjects remaining: 2400 (removed 446)
OnlineSubjectDataset initialized with following configuration:
{'Total Samples': 1454358, 'Total Subjects': 2846}
[Filtering] Required windows per batch: 4
[Filtering] Required batches per block: 3
[Filtering] Required blocks per subject: 2
[Filtering] Subjects remaining: 2227 (removed 619)
OnlineSubjectDataset initialized with following configuration:
{'Total Samples': 1454358, 'Total Subjects': 2846}
[Filtering] Required windows per batch: 4
[Filtering] Required batches per block: 4
[Filtering] Required blocks per subject: 2
[Filtering] Subjects remaining: 2054 (removed 792)
OnlineSubjectDataset initialized with following configuration:
{'Total Samples': 1454358, 'Total Subjects': 2846}
[Filtering] Required windows per batch: 4
[Filtering] Required batches per block: 5
[Filtering] Required blocks per subject: 2
[Filtering] Subjects remaining: 1840 (removed 1006)
OnlineSubjectDataset initialized with following configuration:
{'Total Samples': 1454358, 'Total Subjects': 2846}
[Filtering] Required windows per batch: 4
[Filtering] Required batches per block: 6
[Filtering] Required blocks per subject: 2
[Filtering] Subjects remaining: 1692 (removed 1154)
OnlineSubjectDataset initialized with following configuration:
{'Total Samples': 1454358, 'Total Subjects': 2846}
[Filtering] Required windows per batch: 4
[Filtering] Required batches per block: 7
[Filtering] Subjects remaining: 55 (removed 2791)
OnlineSubjectDataset initialized with following configuration:
{'Total Samples': 1454358, 'Total Subjects': 2846}
[Filtering] Required windows per batch: 4
[Filtering] Required batches per block: 37
[Filtering] Required blocks per subject: 3
[Filtering] Subjects remaining: 49 (removed 2797)
OnlineSubjectDataset initialized with following configuration:
{'Total Samples': 1454358, 'Total Subjects': 2846}
[Filtering] Required windows per batch: 4
[Filtering] Required batches per block: 38
[Filtering] Required blocks per subject: 3
[Filtering] Subjects remaining: 45 (removed 2801)
OnlineSubjectDataset initialized with following configuration:
{'Total Samples': 1454358, 'Total Subjects': 2846}
[Filtering] Required windows per batch: 4
[Filtering] Required batches per block: 39
[Filtering] Required blocks per subject: 3
[Filtering] Subjects remaining: 42 (removed 2804)
OnlineSubjectDataset initialized with following configuration:
{'Total Samples': 1454358, 'Total Subjects': 2846}
[Filtering] Required windows per batch: 4
[Filtering] Required batches per block: 40
[Filtering] Required blocks per subject: 3
[Filtering] Subjects remaining: 40 (removed 2806)
OnlineSubjectDataset initialized with following configuration:
{'Total Samples': 1454358, 'Total Subjects': 2846}
[Filtering] Required windows per batch: 4
[Filtering] Required batches per block: 41
[Filtering] Required blocks per subject: 3
[Filtering] Subjects remaining: 35 (removed 2811)
OnlineSubjectDataset initialized with following configuration:
{'Total Samples': 1454358, 'Total Subjects': 2846}
[Filtering] Required windows per batch: 4
[Filtering] Required batches per block: 42
[Filtering] Required blocks per subject: 3
[Filtering] Subjects remaining: 31 (removed 2815)
OnlineSubjectDataset initialized with following configuration:
{'Total Samples': 1454358, 'Total Subjects': 2846}
[Filtering] Required windows per batch: 4
[Filtering] Required batches per block: 43
[Filtering] Required blocks per subject: 3
[Filtering] Subjects remaining: 30 (removed 2816)
OnlineSubjectDataset initialized with following configuration:
{'Total Samples': 1454358, 'Total Subjects': 2846}
[Filtering] Required windows per batch: 4
[Filtering] Required batches per block: 44
[Filtering] Required blocks per subject: 3
[Filtering] Subjects remaining: 26 (removed 2820)
OnlineSubjectDataset initialized with following configuration:
{'Total Samples': 1454358, 'Total Subjects': 2846}
[Filtering] Required windows per batch: 4
[Filtering] Required batches per block: 45
[Filtering] Required blocks per subject: 3
[Filtering] Subjects remaining: 24 (removed 2822)
OnlineSubjectDataset initialized with following configuration:
{'Total Samples': 1454358, 'Total Subjects': 2846}
[Filtering] Required windows per batch: 4
[Filtering] Required batches per block: 46
[Filtering] Required blocks per subject: 3
[Filtering] Subjects remaining: 19 (removed 2827)
OnlineSubjectDataset initialized with following configuration:
{'Total Samples': 1454358, 'Total Subjects': 2846}
[Filtering] Required windows per batch: 4
[Filtering] Required batches per block: 47
[Filtering] Required blocks per subject: 3
[Filtering] Subjects remaining: 18 (removed 2828)
OnlineSubjectDataset initialized with following configuration:
{'Total Samples': 1454358, 'Total Subjects': 2846}
[Filtering] Required windows per batch: 4
[Filtering] Required batches per block: 48
[Filtering] Required blocks per subject: 3
[Filtering] Subjects remaining: 17 (removed 2829)
OnlineSubjectDataset initialized with following configuration:
{'Total Samples': 1454358, 'Total Subjects': 2846}
[Filtering] Required windows per batch: 4
[Filtering] Required batches per block: 49
[Filtering] Required blocks per subject: 3
[Filtering] Subjects remaining: 16 (removed 2830)
OnlineSubjectDataset initialized with following configuration:
{'Total Samples': 1454358, 'Total Subjects': 2846}
[Filtering] Required windows per batch: 4
[Filtering] Required batches per block: 50
[Filtering] Required blocks per subject: 3
[Filtering] Subjects remaining: 15 (removed 2831)
OnlineSubjectDataset initialized with following configuration:
{'Total Samples': 1454358, 'Total Subjects': 2846}
[Filtering] Required windows per batch: 4
[Filtering] Required batches per block: 51
[Filtering] Required blocks per subject: 3
[Filtering] Subjects remaining: 15 (removed 2831)
OnlineSubjectDataset initialized with following configuration:
{'Total Samples': 1454358, 'Total Subjects': 2846}
[Filtering] Required windows per batch: 4
[Filtering] Required batches per block: 52
[Filtering] Required blocks per subject: 3
[Filtering] Subjects remaining: 14 (removed 2832)
OnlineSubjectDataset initialized with following configuration:
{'Total Samples': 1454358, 'Total Subjects': 2846}
[Filtering] Required windows per batch: 4
[Filtering] Required batches per block: 53
[Filtering] Required blocks per subject: 3
[Filtering] Subjects remaining: 13 (removed 2833)
OnlineSubjectDataset initialized with following configuration:
{'Total Samples': 1454358, 'Total Subjects': 2846}
[Filtering] Required windows per batch: 4
[Filtering] Required batches per block: 54
[Filtering] Required blocks per subject: 3
[Filtering] Subjects remaining: 12 (removed 2834)
OnlineSubjectDataset initialized with following configuration:
{'Total Samples': 1454358, 'Total Subjects': 2846}
[Filtering] Required windows per batch: 4
[Filtering] Required batches per block: 55
[Filtering] Required blocks per subject: 3
[Filtering] Subjects remaining: 11 (removed 2835)
OnlineSubjectDataset initialized with following configuration:
{'Total Samples': 1454358, 'Total Subjects': 2846}
[Filtering] Required windows per batch: 4
[Filtering] Required batches per block: 56
[Filtering] Required blocks per subject: 3
[Filtering] Subjects remaining: 10 (removed 2836)
OnlineSubjectDataset initialized with following configuration:
{'Total Samples': 1454358, 'Total Subjects': 2846}
[Filtering] Required windows per batch: 4
[Filtering] Required batches per block: 57
[Filtering] Required blocks per subject: 3
[Filtering] Subjects remaining: 10 (removed 2836)
OnlineSubjectDataset initialized with following configuration:
{'Total Samples': 1454358, 'Total Subjects': 2846}
[Filtering] Required windows per batch: 4
[Filtering] Required batches per block: 58
[Filtering] Required blocks per subject: 3
[Filtering] Subjects remaining: 9 (removed 2837)
OnlineSubjectDataset initialized with following configuration:
{'Total Samples': 1454358, 'Total Subjects': 2846}
[Filtering] Required windows per batch: 4
[Filtering] Required batches per block: 59
[Filtering] Required blocks per subject: 3
[Filtering] Subjects remaining: 9 (removed 2837)
OnlineSubjectDataset initialized with following configuration:
{'Total Samples': 1454358, 'Total Subjects': 2846}
[Filtering] Required windows per batch: 4
[Filtering] Required batches per block: 60
[Filtering] Required blocks per subject: 3
[Filtering] Subjects remaining: 8 (removed 2838)
OnlineSubjectDataset initialized with following configuration:
{'Total Samples': 1454358, 'Total Subjects': 2846}
[Filtering] Required windows per batch: 4
[Filtering] Required batches per block: 61
[Filtering] Required blocks per subject: 3
[Filtering] Subjects remaining: 8 (removed 2838)
OnlineSubjectDataset initialized with following configuration:
{'Total Samples': 1454358, 'Total Subjects': 2846}
[Filtering] Required windows per batch: 4
[Filtering] Required batches per block: 62
[Filtering] Required blocks per subject: 3
[Filtering] Subjects remaining: 7 (removed 2839)
OnlineSubjectDataset initialized with following configuration:
{'Total Samples': 1454358, 'Total Subjects': 2846}
[Filtering] Required windows per batch: 4
[Filtering] Required batches per block: 63
[Filtering] Required blocks per subject: 3
[Filtering] Subjects remaining: 6 (removed 2840)
OnlineSubjectDataset initialized with following configuration:
{'Total Samples': 1454358, 'Total Subjects': 2846}
[Filtering] Required windows per batch: 4
[Filtering] Required batches per block: 64
[Filtering] Required blocks per subject: 3
OnlineSubjectDataset initialized with following configuration:
{'Total Samples': 1454358, 'Total Subjects': 2846}
[Filtering] Required windows per batch: 4
[Filtering] Required batches per block: 34
[Filtering] Required blocks per subject: 10
[Filtering] Subjects remaining: 0 (removed 2846)
OnlineSubjectDataset initialized with following configuration:
{'Total Samples': 1454358, 'Total Subjects': 2846}
[Filtering] Required windows per batch: 4
[Filtering] Required batches per block: 35
[Filtering] Required blocks per subject: 10
[Filtering] Subjects remaining: 0 (removed 2846)
OnlineSubjectDataset initialized with following configuration:
{'Total Samples': 1454358, 'Total Subjects': 2846}
[Filtering] Required windows per batch: 4
[Filtering] Required batches per block: 36
[Filtering] Required blocks per subject: 10
[Filtering] Subjects remaining: 0 (removed 2846)
OnlineSubjectDataset initialized with following configuration:
{'Total Samples': 1454358, 'Total Subjects': 2846}
[Filtering] Required windows per batch: 4
[Filtering] Required batches per block: 37
[Filtering] Required blocks per subject: 10
[Filtering] Subjects remaining: 0 (removed 2846)
OnlineSubjectDataset initialized with following configuration:
{'Total Samples': 1454358, 'Total Subjects': 2846}
[Filtering] Required windows per batch: 4
[Filtering] Required batches per block: 38
[Filtering] Required blocks per subject: 10
[Filtering] Subjects remaining: 0 (removed 2846)
OnlineSubjectDataset initialized with following configuration:
{'Total Samples': 1454358, 'Total Subjects': 2846}
[Filtering] Required windows per batch: 4
[Filtering] Required batches per block: 39
[Filtering] Required blocks per subject: 10
[Filtering] Subjects remaining: 0 (removed 2846)
OnlineSubjectDataset initialized with following configuration:
{'Total Samples': 1454358, 'Total Subjects': 2846}
[Filtering] Required windows per batch: 4
[Filtering] Required batches per block: 40
[Filtering] Required blocks per subject: 10
[Filtering] Subjects remaining: 0 (removed 2846)
OnlineSubjectDataset initialized with following configuration:
{'Total Samples': 1454358, 'Total Subjects': 2846}
[Filtering] Required windows per batch: 4
[Filtering] Required batches per block: 41
[Filtering] Required blocks per subject: 10
[Filtering] Subjects remaining: 0 (removed 2846)
OnlineSubjectDataset initialized with following configuration:
{'Total Samples': 1454358, 'Total Subjects': 2846}
[Filtering] Required windows per batch: 4
[Filtering] Required batches per block: 42
[Filtering] Required blocks per subject: 10
[Filtering] Subjects remaining: 0 (removed 2846)
OnlineSubjectDataset initialized with following configuration:
{'Total Samples': 1454358, 'Total Subjects': 2846}
[Filtering] Required windows per batch: 4
[Filtering] Required batches per block: 43
[Filtering] Required blocks per subject: 10
[Filtering] Subjects remaining: 0 (removed 2846)
OnlineSubjectDataset initialized with following configuration:
{'Total Samples': 1454358, 'Total Subjects': 2846}
[Filtering] Required windows per batch: 4
[Filtering] Required batches per block: 44
[Filtering] Required blocks per subject: 10
[Filtering] Subjects remaining: 0 (removed 2846)
OnlineSubjectDataset initialized with following configuration:
{'Total Samples': 1454358, 'Total Subjects': 2846}
[Filtering] Required windows per batch: 4
[Filtering] Required batches per block: 45
[Filtering] Required blocks per subject: 10
[Filtering] Subjects remaining: 0 (removed 2846)
OnlineSubjectDataset initialized with following configuration:
{'Total Samples': 1454358, 'Total Subjects': 2846}
[Filtering] Required windows per batch: 4
[Filtering] Required batches per block: 46
[Filtering] Required blocks per subject: 10
[Filtering] Subjects remaining: 0 (removed 2846)
OnlineSubjectDataset initialized with following configuration:
{'Total Samples': 1454358, 'Total Subjects': 2846}
[Filtering] Required windows per batch: 4
[Filtering] Required batches per block: 47
[Filtering] Required blocks per subject: 10
[Filtering] Subjects remaining: 0 (removed 2846)
OnlineSubjectDataset initialized with following configuration:
{'Total Samples': 1454358, 'Total Subjects': 2846}
[Filtering] Required windows per batch: 4
[Filtering] Required batches per block: 48
[Filtering] Required blocks per subject: 10
[Filtering] Subjects remaining: 0 (removed 2846)
OnlineSubjectDataset initialized with following configuration:
{'Total Samples': 1454358, 'Total Subjects': 2846}
[Filtering] Required windows per batch: 4
[Filtering] Required batches per block: 49
[Filtering] Required blocks per subject: 10
[Filtering] Subjects remaining: 0 (removed 2846)
OnlineSubjectDataset initialized with following configuration:
{'Total Samples': 1454358, 'Total Subjects': 2846}
[Filtering] Required windows per batch: 4
[Filtering] Required batches per block: 50
[Filtering] Required blocks per subject: 10
[Filtering] Subjects remaining: 0 (removed 2846)
OnlineSubjectDataset initialized with following configuration:
{'Total Samples': 1454358, 'Total Subjects': 2846}
[Filtering] Required windows per batch: 4
[Filtering] Required batches per block: 51
[Filtering] Required blocks per subject: 10
[Filtering] Subjects remaining: 0 (removed 2846)
OnlineSubjectDataset initialized with following configuration:
{'Total Samples': 1454358, 'Total Subjects': 2846}
[Filtering] Required windows per batch: 4
[Filtering] Required batches per block: 52
[Filtering] Required blocks per subject: 10
[Filtering] Subjects remaining: 0 (removed 2846)
OnlineSubjectDataset initialized with following configuration:
{'Total Samples': 1454358, 'Total Subjects': 2846}
[Filtering] Required windows per batch: 4
[Filtering] Required batches per block: 53
[Filtering] Required blocks per subject: 10
[Filtering] Subjects remaining: 0 (removed 2846)
OnlineSubjectDataset initialized with following configuration:
{'Total Samples': 1454358, 'Total Subjects': 2846}
[Filtering] Required windows per batch: 4
[Filtering] Required batches per block: 54
[Filtering] Required blocks per subject: 10
[Filtering] Subjects remaining: 0 (removed 2846)
OnlineSubjectDataset initialized with following configuration:
{'Total Samples': 1454358, 'Total Subjects': 2846}
[Filtering] Required windows per batch: 4
[Filtering] Required batches per block: 55
[Filtering] Required blocks per subject: 10
[Filtering] Subjects remaining: 0 (removed 2846)
OnlineSubjectDataset initialized with following configuration:
{'Total Samples': 1454358, 'Total Subjects': 2846}
[Filtering] Required windows per batch: 4
[Filtering] Required batches per block: 56
[Filtering] Required blocks per subject: 10
[Filtering] Subjects remaining: 0 (removed 2846)
OnlineSubjectDataset initialized with following configuration:
{'Total Samples': 1454358, 'Total Subjects': 2846}
[Filtering] Required windows per batch: 4
[Filtering] Required batches per block: 57
[Filtering] Required blocks per subject: 10
[Filtering] Subjects remaining: 0 (removed 2846)
OnlineSubjectDataset initialized with following configuration:
{'Total Samples': 1454358, 'Total Subjects': 2846}
[Filtering] Required windows per batch: 4
[Filtering] Required batches per block: 58
[Filtering] Required blocks per subject: 10
[Filtering] Subjects remaining: 0 (removed 2846)
OnlineSubjectDataset initialized with following configuration:
{'Total Samples': 1454358, 'Total Subjects': 2846}
[Filtering] Required windows per batch: 4
[Filtering] Required batches per block: 59
[Filtering] Required blocks per subject: 10
[Filtering] Subjects remaining: 0 (removed 2846)
OnlineSubjectDataset initialized with following configuration:
{'Total Samples': 1454358, 'Total Subjects': 2846}
[Filtering] Required windows per batch: 4
[Filtering] Required batches per block: 60
[Filtering] Required blocks per subject: 10
[Filtering] Subjects remaining: 0 (removed 2846)
OnlineSubjectDataset initialized with following configuration:
{'Total Samples': 1454358, 'Total Subjects': 2846}
[Filtering] Required windows per batch: 4
[Filtering] Required batches per block: 61
[Filtering] Required blocks per subject: 10
[Filtering] Subjects remaining: 0 (removed 2846)
OnlineSubjectDataset initialized with following configuration:
{'Total Samples': 1454358, 'Total Subjects': 2846}
[Filtering] Required windows per batch: 4
[Filtering] Required batches per block: 74
[Filtering] Required blocks per subject: 6
[Filtering] Subjects remaining: 0 (removed 2846)
OnlineSubjectDataset initialized with following configuration:
{'Total Samples': 1454358, 'Total Subjects': 2846}
[Filtering] Required windows per batch: 4
[Filtering] Required batches per block: 75
[Filtering] Required blocks per subject: 6
[Filtering] Subjects remaining: 0 (removed 2846)
OnlineSubjectDataset initialized with following configuration:
{'Total Samples': 1454358, 'Total Subjects': 2846}
[Filtering] Required windows per batch: 4
[Filtering] Required batches per block: 76
[Filtering] Required blocks per subject: 6
[Filtering] Subjects remaining: 0 (removed 2846)
OnlineSubjectDataset initialized with following configuration:
{'Total Samples': 1454358, 'Total Subjects': 2846}
[Filtering] Required windows per batch: 4
[Filtering] Required batches per block: 77
[Filtering] Required blocks per subject: 6
[Filtering] Subjects remaining: 0 (removed 2846)
OnlineSubjectDataset initialized with following configuration:
{'Total Samples': 1454358, 'Total Subjects': 2846}
[Filtering] Required windows per batch: 4
[Filtering] Required batches per block: 1
[Filtering] Required blocks per subject: 7
[Filtering] Subjects remaining: 2301 (removed 545)
OnlineSubjectDataset initialized with following configuration:
{'Total Samples': 1454358, 'Total Subjects': 2846}
[Filtering] Required windows per batch: 4
[Filtering] Required batches per block: 2
[Filtering] Required blocks per subject: 7
[Filtering] Subjects remaining: 1922 (removed 924)
OnlineSubjectDataset initialized with following configuration:
{'Total Samples': 1454358, 'Total Subjects': 2846}
[Filtering] Required windows per batch: 4
[Filtering] Required batches per block: 3
[Filtering] Required blocks per subject: 7
[Filtering] Subjects remaining: 1563 (removed 1283)
OnlineSubjectDataset initialized with following configuration:
{'Total Samples': 1454358, 'Total Subjects': 2846}
[Filtering] Required windows per batch: 4
[Filtering] Required batches per block: 4
[Filtering] Required blocks per subject: 7
[Filtering] Subjects remaining: 1201 (removed 1645)
OnlineSubjectDataset initialized with following configuration:
{'Total Samples': 1454358, 'Total Subjects': 2846}
[Filtering] Required windows per batch: 4
[Filtering] Required batches per block: 5
[Filtering] Required blocks per subject: 7
[Filtering] Subjects remaining: 913 (removed 1933)
OnlineSubjectDataset initialized with following configuration:
{'Total Samples': 1454358, 'Total Subjects': 2846}
[Filtering] Required windows per batch: 4
[Filtering] Required batches per block: 6
[Filtering] Required blocks per subject: 7
[Filtering] Subjects remaining: 713 (removed 2133)
OnlineSubjectDataset initialized with following configuration:
{'Total Samples': 1454358, 'Total Subjects': 2846}
[Filtering] Required windows per batch: 4
[Filtering] Required batches per block: 7
[Filtering] Required blocks per subject: 7
[Filtering] Subjects remaining: 551 (removed 2295)
OnlineSubjectDataset initialized with following configuration:
{'Total Samples': 1454358, 'Total Subjects': 2846}
[Filtering] Required windows per batch: 4
[Filtering] Required batches per block: 8
[Filtering] Required blocks per subject: 7
[Filtering] Subjects remaining: 402 (removed 2444)
OnlineSubjectDataset initialized with following configuration:
{'Total Samples': 1454358, 'Total Subjects': 2846}
[Filtering] Required windows per batch: 4
[Filtering] Required batches per block: 9
[Filtering] Required blocks per subject: 7
[Filtering] Subjects remaining: 301 (removed 2545)
OnlineSubjectDataset initialized with following configuration:
{'Total Samples': 1454358, 'Total Subjects': 2846}
[Filtering] Required windows per batch: 4
[Filtering] Required batches per block: 10
[Filtering] Required blocks per subject: 7
[Filtering] Subjects remaining: 226 (removed 2620)
OnlineSubjectDataset initialized with following configuration:
{'Total Samples': 1454358, 'Total Subjects': 2846}
[Filtering] Required windows per batch: 4
[Filtering] Required batches per block: 11
[Filtering] Required blocks per subject: 7
[Filtering] Subjects remaining: 180 (removed 2666)
OnlineSubjectDataset initialized with following configuration:
{'Total Samples': 1454358, 'Total Subjects': 2846}
[Filtering] Required windows per batch: 4
[Filtering] Required batches per block: 12
[Filtering] Required blocks per subject: 7
[Filtering] Subjects remaining: 140 (removed 2706)
OnlineSubjectDataset initialized with following configuration:
{'Total Samples': 1454358, 'Total Subjects': 2846}
[Filtering] Required windows per batch: 4
[Filtering] Required batches per block: 13
[Filtering] Required blocks per subject: 7
[Filtering] Subjects remaining: 116 (removed 2730)
OnlineSubjectDataset initialized with following configuration:
{'Total Samples': 1454358, 'Total Subjects': 2846}
[Filtering] Required windows per batch: 4
[Filtering] Required batches per block: 14
[Filtering] Required blocks per subject: 7
[Filtering] Subjects remaining: 85 (removed 2761)
OnlineSubjectDataset initialized with following configuration:
{'Total Samples': 1454358, 'Total Subjects': 2846}
[Filtering] Required windows per batch: 4
[Filtering] Required batches per block: 15
[Filtering] Required blocks per subject: 7
[Filtering] Subjects remaining: 65 (removed 2781)
OnlineSubjectDataset initialized with following configuration:
{'Total Samples': 1454358, 'Total Subjects': 2846}
[Filtering] Required windows per batch: 4
[Filtering] Required batches per block: 16
[Filtering] Required blocks per subject: 7
[Filtering] Subjects remaining: 44 (removed 2802)
OnlineSubjectDataset initialized with following configuration:
{'Total Samples': 1454358, 'Total Subjects': 2846}
[Filtering] Required windows per batch: 4
[Filtering] Required batches per block: 17
[Filtering] Required blocks per subject: 7
[Filtering] Subjects remaining: 31 (removed 2815)
OnlineSubjectDataset initialized with following configuration:
{'Total Samples': 1454358, 'Total Subjects': 2846}
[Filtering] Required windows per batch: 4
[Filtering] Required batches per block: 18
[Filtering] Required blocks per subject: 7
[Filtering] Subjects remaining: 20 (removed 2826)
OnlineSubjectDataset initialized with following configuration:
{'Total Samples': 1454358, 'Total Subjects': 2846}
[Filtering] Required windows per batch: 4
[Filtering] Required batches per block: 19
[Filtering] Required blocks per subject: 7
[Filtering] Subjects remaining: 14 (removed 2832)
OnlineSubjectDataset initialized with following configuration:
{'Total Samples': 1454358, 'Total Subjects': 2846}
[Filtering] Required windows per batch: 4
[Filtering] Required batches per block: 20
[Filtering] Required blocks per subject: 7
[Filtering] Subjects remaining: 9 (removed 2837)
OnlineSubjectDataset initialized with following configuration:
{'Total Samples': 1454358, 'Total Subjects': 2846}
[Filtering] Required windows per batch: 4
[Filtering] Required batches per block: 21
[Filtering] Required blocks per subject: 7
[Filtering] Subjects remaining: 7 (removed 2839)
OnlineSubjectDataset initialized with following configuration:
{'Total Samples': 1454358, 'Total Subjects': 2846}
[Filtering] Required windows per batch: 4
[Filtering] Required batches per block: 22
[Filtering] Required blocks per subject: 7
[Filtering] Subjects remaining: 6 (removed 2840)
OnlineSubjectDataset initialized with following configuration:
{'Total Samples': 1454358, 'Total Subjects': 2846}
[Filtering] Required windows per batch: 4
[Filtering] Required batches per block: 23
[Filtering] Required blocks per subject: 7
[Filtering] Subjects remaining: 6 (removed 2840)
OnlineSubjectDataset initialized with following configuration:
{'Total Samples': 1454358, 'Total Subjects': 2846}
[Filtering] Required windows per batch: 4
[Filtering] Required batches per block: 24
[Filtering] Required blocks per subject: 7
[Filtering] Subjects remaining: 6 (removed 2840)
OnlineSubjectDataset initialized with following configuration:
{'Total Samples': 1454358, 'Total Subjects': 2846}
[Filtering] Required windows per batch: 4
[Filtering] Required batches per block: 17
[Filtering] Required blocks per subject: 5
[Filtering] Subjects remaining: 118 (removed 2728)
OnlineSubjectDataset initialized with following configuration:
{'Total Samples': 1454358, 'Total Subjects': 2846}
[Filtering] Required windows per batch: 4
[Filtering] Required batches per block: 18
[Filtering] Required blocks per subject: 5
[Filtering] Subjects remaining: 99 (removed 2747)
OnlineSubjectDataset initialized with following configuration:
{'Total Samples': 1454358, 'Total Subjects': 2846}
[Filtering] Required windows per batch: 4
[Filtering] Required batches per block: 19
[Filtering] Required blocks per subject: 5
[Filtering] Subjects remaining: 91 (removed 2755)
OnlineSubjectDataset initialized with following configuration:
{'Total Samples': 1454358, 'Total Subjects': 2846}
[Filtering] Required windows per batch: 4
[Filtering] Required batches per block: 20
[Filtering] Required blocks per subject: 5
[Filtering] Subjects remaining: 77 (removed 2769)
OnlineSubjectDataset initialized with following configuration:
{'Total Samples': 1454358, 'Total Subjects': 2846}
[Filtering] Required windows per batch: 4
[Filtering] Required batches per block: 21
[Filtering] Required blocks per subject: 5
[Filtering] Subjects remaining: 61 (removed 2785)
OnlineSubjectDataset initialized with following configuration:
{'Total Samples': 1454358, 'Total Subjects': 2846}
[Filtering] Required windows per batch: 4
[Filtering] Required batches per block: 22
[Filtering] Required blocks per subject: 5
[Filtering] Subjects remaining: 53 (removed 2793)
OnlineSubjectDataset initialized with following configuration:
{'Total Samples': 1454358, 'Total Subjects': 2846}
[Filtering] Required windows per batch: 4
[Filtering] Required batches per block: 23
[Filtering] Required blocks per subject: 5
[Filtering] Subjects remaining: 41 (removed 2805)
OnlineSubjectDataset initialized with following configuration:
{'Total Samples': 1454358, 'Total Subjects': 2846}
[Filtering] Required windows per batch: 4
[Filtering] Required batches per block: 24
[Filtering] Required blocks per subject: 5
[Filtering] Subjects remaining: 34 (removed 2812)
OnlineSubjectDataset initialized with following configuration:
{'Total Samples': 1454358, 'Total Subjects': 2846}
[Filtering] Required windows per batch: 4
[Filtering] Required batches per block: 25
[Filtering] Required blocks per subject: 5
[Filtering] Subjects remaining: 31 (removed 2815)
OnlineSubjectDataset initialized with following configuration:
{'Total Samples': 1454358, 'Total Subjects': 2846}
[Filtering] Required windows per batch: 4
[Filtering] Required batches per block: 26
[Filtering] Required blocks per subject: 5
[Filtering] Subjects remaining: 27 (removed 2819)
OnlineSubjectDataset initialized with following configuration:
{'Total Samples': 1454358, 'Total Subjects': 2846}
[Filtering] Required windows per batch: 4
[Filtering] Required batches per block: 27
[Filtering] Required blocks per subject: 5
[Filtering] Subjects remaining: 20 (removed 2826)
OnlineSubjectDataset initialized with following configuration:
{'Total Samples': 1454358, 'Total Subjects': 2846}
[Filtering] Required windows per batch: 4
[Filtering] Required batches per block: 28
[Filtering] Required blocks per subject: 5
[Filtering] Subjects remaining: 18 (removed 2828)
OnlineSubjectDataset initialized with following configuration:
{'Total Samples': 1454358, 'Total Subjects': 2846}
[Filtering] Required windows per batch: 4
[Filtering] Required batches per block: 29
[Filtering] Required blocks per subject: 5
[Filtering] Subjects remaining: 16 (removed 2830)
OnlineSubjectDataset initialized with following configuration:
{'Total Samples': 1454358, 'Total Subjects': 2846}
[Filtering] Required windows per batch: 4
[Filtering] Required batches per block: 30
[Filtering] Required blocks per subject: 5
[Filtering] Subjects remaining: 15 (removed 2831)
OnlineSubjectDataset initialized with following configuration:
{'Total Samples': 1454358, 'Total Subjects': 2846}
[Filtering] Required windows per batch: 4
[Filtering] Required batches per block: 31
[Filtering] Required blocks per subject: 5
[Filtering] Subjects remaining: 10 (removed 2836)
OnlineSubjectDataset initialized with following configuration:
{'Total Samples': 1454358, 'Total Subjects': 2846}
[Filtering] Required windows per batch: 4
[Filtering] Required batches per block: 32
[Filtering] Required blocks per subject: 5
[Filtering] Subjects remaining: 7 (removed 2839)
OnlineSubjectDataset initialized with following configuration:
{'Total Samples': 1454358, 'Total Subjects': 2846}
[Filtering] Required windows per batch: 4
[Filtering] Required batches per block: 33
[Filtering] Required blocks per subject: 5
[Filtering] Subjects remaining: 3 (removed 2843)
OnlineSubjectDataset initialized with following configuration:
{'Total Samples': 1454358, 'Total Subjects': 2846}
[Filtering] Required windows per batch: 4
[Filtering] Required batches per block: 34
[Filtering] Required blocks per subject: 5
[Filtering] Subjects remaining: 3 (removed 2843)
OnlineSubjectDataset initialized with following configuration:
{'Total Samples': 1454358, 'Total Subjects': 2846}
[Filtering] Required windows per batch: 4
[Filtering] Required batches per block: 35
[Filtering] Required blocks per subject: 5
[Filtering] Subjects remaining: 3 (removed 2843)
OnlineSubjectDataset initialized with following configuration:
{'Total Samples': 1454358, 'Total Subjects': 2846}
[Filtering] Required windows per batch: 4
[Filtering] Required batches per block: 36
[Filtering] Required blocks per subject: 5
[Filtering] Subjects remaining: 3 (removed 2843)
OnlineSubjectDataset initialized with following configuration:
{'Total Samples': 1454358, 'Total Subjects': 2846}
[Filtering] Required windows per batch: 4
[Filtering] Required batches per block: 37
[Filtering] Required blocks per subject: 5
[Filtering] Subjects remaining: 2 (removed 2844)
OnlineSubjectDataset initialized with following configuration:
{'Total Samples': 1454358, 'Total Subjects': 2846}
[Filtering] Required windows per batch: 4
[Filtering] Required batches per block: 38
[Filtering] Required blocks per subject: 5
[Filtering] Subjects remaining: 2 (removed 2844)
OnlineSubjectDataset initialized with following configuration:
{'Total Samples': 1454358, 'Total Subjects': 2846}
[Filtering] Required windows per batch: 4
[Filtering] Required batches per block: 39
[Filtering] Required blocks per subject: 5
[Filtering] Subjects remaining: 2 (removed 2844)
OnlineSubjectDataset initialized with following configuration:
{'Total Samples': 1454358, 'Total Subjects': 2846}
[Filtering] Required windows per batch: 4
[Filtering] Required batches per block: 40
[Filtering] Required blocks per subject: 5
[Filtering] Subjects remaining: 2 (removed 2844)
OnlineSubjectDataset initialized with following configuration:
{'Total Samples': 1454358, 'Total Subjects': 2846}
[Filtering] Required windows per batch: 4
[Filtering] Required batches per block: 41
[Filtering] Required blocks per subject: 5
[Filtering] Subjects remaining: 2 (removed 2844)
OnlineSubjectDataset initialized with following configuration:
{'Total Samples': 1454358, 'Total Subjects': 2846}
[Filtering] Required windows per batch: 4
[Filtering] Required batches per block: 42
[Filtering] Required blocks per subject: 5
[Filtering] Subjects remaining: 2 (removed 2844)
OnlineSubjectDataset initialized with following configuration:
{'Total Samples': 1454358, 'Total Subjects': 2846}
[Filtering] Required windows per batch: 4
[Filtering] Required batches per block: 43
[Filtering] Required blocks per subject: 5
[Filtering] Subjects remaining: 2 (removed 2844)
OnlineSubjectDataset initialized with following configuration:
{'Total Samples': 1454358, 'Total Subjects': 2846}
[Filtering] Required windows per batch: 4
[Filtering] Required batches per block: 44
[Filtering] Required blocks per subject: 5
[Filtering] Subjects remaining: 1 (removed 2845)
OnlineSubjectDataset initialized with following configuration:
{'Total Samples': 1454358, 'Total Subjects': 2846}
[Filtering] Required windows per batch: 4
[Filtering] Required batches per block: 51
[Filtering] Required blocks per subject: 15
[Filtering] Subjects remaining: 0 (removed 2846)
OnlineSubjectDataset initialized with following configuration:
{'Total Samples': 1454358, 'Total Subjects': 2846}
[Filtering] Required windows per batch: 4
[Filtering] Required batches per block: 52
[Filtering] Required blocks per subject: 15
[Filtering] Subjects remaining: 0 (removed 2846)
OnlineSubjectDataset initialized with following configuration:
{'Total Samples': 1454358, 'Total Subjects': 2846}
[Filtering] Required windows per batch: 4
[Filtering] Required batches per block: 53
[Filtering] Required blocks per subject: 15
[Filtering] Subjects remaining: 0 (removed 2846)
OnlineSubjectDataset initialized with following configuration:
{'Total Samples': 1454358, 'Total Subjects': 2846}
[Filtering] Required windows per batch: 4
[Filtering] Required batches per block: 54
[Filtering] Required blocks per subject: 15
[Filtering] Subjects remaining: 0 (removed 2846)
OnlineSubjectDataset initialized with following configuration:
{'Total Samples': 1454358, 'Total Subjects': 2846}
[Filtering] Required windows per batch: 4
[Filtering] Required batches per block: 55
[Filtering] Required blocks per subject: 15
[Filtering] Subjects remaining: 0 (removed 2846)
OnlineSubjectDataset initialized with following configuration:
{'Total Samples': 1454358, 'Total Subjects': 2846}
[Filtering] Required windows per batch: 4
[Filtering] Required batches per block: 56
[Filtering] Required blocks per subject: 15
[Filtering] Subjects remaining: 0 (removed 2846)
OnlineSubjectDataset initialized with following configuration:
{'Total Samples': 1454358, 'Total Subjects': 2846}
[Filtering] Required windows per batch: 4
[Filtering] Required batches per block: 57
[Filtering] Required blocks per subject: 15
[Filtering] Subjects remaining: 0 (removed 2846)
OnlineSubjectDataset initialized with following configuration:
{'Total Samples': 1454358, 'Total Subjects': 2846}
[Filtering] Required windows per batch: 4
[Filtering] Required batches per block: 58
[Filtering] Required blocks per subject: 15
[Filtering] Subjects remaining: 0 (removed 2846)
OnlineSubjectDataset initialized with following configuration:
{'Total Samples': 1454358, 'Total Subjects': 2846}
[Filtering] Required windows per batch: 4
[Filtering] Required batches per block: 59
[Filtering] Required blocks per subject: 15
[Filtering] Subjects remaining: 0 (removed 2846)
OnlineSubjectDataset initialized with following configuration:
{'Total Samples': 1454358, 'Total Subjects': 2846}
[Filtering] Required windows per batch: 4
[Filtering] Required batches per block: 60
[Filtering] Required blocks per subject: 15
[Filtering] Subjects remaining: 0 (removed 2846)
OnlineSubjectDataset initialized with following configuration:
{'Total Samples': 1454358, 'Total Subjects': 2846}
[Filtering] Required windows per batch: 4
[Filtering] Required batches per block: 61
[Filtering] Required blocks per subject: 15
[Filtering] Subjects remaining: 0 (removed 2846)
OnlineSubjectDataset initialized with following configuration:
{'Total Samples': 1454358, 'Total Subjects': 2846}
[Filtering] Required windows per batch: 4
[Filtering] Required batches per block: 62
[Filtering] Required blocks per subject: 15
[Filtering] Subjects remaining: 0 (removed 2846)
OnlineSubjectDataset initialized with following configuration:
{'Total Samples': 1454358, 'Total Subjects': 2846}
[Filtering] Required windows per batch: 4
[Filtering] Required batches per block: 63
[Filtering] Required blocks per subject: 15
[Filtering] Subjects remaining: 0 (removed 2846)
OnlineSubjectDataset initialized with following configuration:
{'Total Samples': 1454358, 'Total Subjects': 2846}
[Filtering] Required windows per batch: 4
[Filtering] Required batches per block: 64
[Filtering] Required blocks per subject: 15
[Filtering] Subjects remaining: 0 (removed 2846)
OnlineSubjectDataset initialized with following configuration:
{'Total Samples': 1454358, 'Total Subjects': 2846}
[Filtering] Required windows per batch: 4
[Filtering] Required batches per block: 65
[Filtering] Required blocks per subject: 15
[Filtering] Subjects remaining: 0 (removed 2846)
OnlineSubjectDataset initialized with following configuration:
{'Total Samples': 1454358, 'Total Subjects': 2846}
[Filtering] Required windows per batch: 4
[Filtering] Required batches per block: 66
[Filtering] Required blocks per subject: 15
[Filtering] Subjects remaining: 0 (removed 2846)
OnlineSubjectDataset initialized with following configuration:
{'Total Samples': 1454358, 'Total Subjects': 2846}
[Filtering] Required windows per batch: 4
[Filtering] Required batches per block: 67
[Filtering] Required blocks per subject: 15
[Filtering] Subjects remaining: 0 (removed 2846)
OnlineSubjectDataset initialized with following configuration:
{'Total Samples': 1454358, 'Total Subjects': 2846}
[Filtering] Required windows per batch: 4
[Filtering] Required batches per block: 68
[Filtering] Required blocks per subject: 15
[Filtering] Subjects remaining: 0 (removed 2846)
OnlineSubjectDataset initialized with following configuration:
{'Total Samples': 1454358, 'Total Subjects': 2846}
[Filtering] Required windows per batch: 4
[Filtering] Required batches per block: 69
[Filtering] Required blocks per subject: 15
[Filtering] Subjects remaining: 0 (removed 2846)
OnlineSubjectDataset initialized with following configuration:
{'Total Samples': 1454358, 'Total Subjects': 2846}
[Filtering] Required windows per batch: 4
[Filtering] Required batches per block: 70
[Filtering] Required blocks per subject: 15
[Filtering] Subjects remaining: 0 (removed 2846)
OnlineSubjectDataset initialized with following configuration:
{'Total Samples': 1454358, 'Total Subjects': 2846}
[Filtering] Required windows per batch: 4
[Filtering] Required batches per block: 71
[Filtering] Required blocks per subject: 15
[Filtering] Subjects remaining: 0 (removed 2846)
OnlineSubjectDataset initialized with following configuration:
{'Total Samples': 1454358, 'Total Subjects': 2846}
[Filtering] Required windows per batch: 4
[Filtering] Required batches per block: 72
[Filtering] Required blocks per subject: 15
[Filtering] Subjects remaining: 0 (removed 2846)
OnlineSubjectDataset initialized with following configuration:
{'Total Samples': 1454358, 'Total Subjects': 2846}
[Filtering] Required windows per batch: 4
[Filtering] Required batches per block: 73
[Filtering] Required blocks per subject: 15
[Filtering] Subjects remaining: 0 (removed 2846)
OnlineSubjectDataset initialized with following configuration:
{'Total Samples': 1454358, 'Total Subjects': 2846}
[Filtering] Required windows per batch: 4
[Filtering] Required batches per block: 74
[Filtering] Required blocks per subject: 15
[Filtering] Subjects remaining: 0 (removed 2846)
OnlineSubjectDataset initialized with following configuration:
{'Total Samples': 1454358, 'Total Subjects': 2846}
[Filtering] Required windows per batch: 4
[Filtering] Required batches per block: 75
[Filtering] Required blocks per subject: 15
[Filtering] Subjects remaining: 0 (removed 2846)
OnlineSubjectDataset initialized with following configuration:
{'Total Samples': 1454358, 'Total Subjects': 2846}
[Filtering] Required windows per batch: 4
[Filtering] Required batches per block: 76
[Filtering] Required blocks per subject: 15
[Filtering] Subjects remaining: 0 (removed 2846)
OnlineSubjectDataset initialized with following configuration:
{'Total Samples': 1454358, 'Total Subjects': 2846}
[Filtering] Required windows per batch: 4
[Filtering] Required batches per block: 77
[Filtering] Required blocks per subject: 15
[Filtering] Subjects remaining: 0 (removed 2846)
OnlineSubjectDataset initialized with following configuration:
{'Total Samples': 1454358, 'Total Subjects': 2846}
[Filtering] Required windows per batch: 4
[Filtering] Required batches per block: 1
[Filtering] Required blocks per subject: 16
[Filtering] Subjects remaining: 1844 (removed 1002)
OnlineSubjectDataset initialized with following configuration:
{'Total Samples': 1454358, 'Total Subjects': 2846}
[Filtering] Required windows per batch: 4
[Filtering] Required batches per block: 31
[Filtering] Required blocks per subject: 17
[Filtering] Subjects remaining: 0 (removed 2846)
OnlineSubjectDataset initialized with following configuration:
{'Total Samples': 1454358, 'Total Subjects': 2846}
[Filtering] Required windows per batch: 4
[Filtering] Required batches per block: 32
[Filtering] Required blocks per subject: 17
[Filtering] Subjects remaining: 0 (removed 2846)
OnlineSubjectDataset initialized with following configuration:
{'Total Samples': 1454358, 'Total Subjects': 2846}
[Filtering] Required windows per batch: 4
[Filtering] Required batches per block: 33
[Filtering] Required blocks per subject: 17
[Filtering] Subjects remaining: 0 (removed 2846)
OnlineSubjectDataset initialized with following configuration:
{'Total Samples': 1454358, 'Total Subjects': 2846}
[Filtering] Required windows per batch: 4
[Filtering] Required batches per block: 34
[Filtering] Required blocks per subject: 17
[Filtering] Subjects remaining: 0 (removed 2846)
OnlineSubjectDataset initialized with following configuration:
{'Total Samples': 1454358, 'Total Subjects': 2846}
[Filtering] Required windows per batch: 4
[Filtering] Required batches per block: 35
[Filtering] Required blocks per subject: 17
[Filtering] Subjects remaining: 0 (removed 2846)
OnlineSubjectDataset initialized with following configuration:
{'Total Samples': 1454358, 'Total Subjects': 2846}
[Filtering] Required windows per batch: 4
[Filtering] Required batches per block: 36
[Filtering] Required blocks per subject: 17
[Filtering] Subjects remaining: 0 (removed 2846)
OnlineSubjectDataset initialized with following configuration:
{'Total Samples': 1454358, 'Total Subjects': 2846}
[Filtering] Required windows per batch: 4
[Filtering] Required batches per block: 37
[Filtering] Required blocks per subject: 17
[Filtering] Subjects remaining: 0 (removed 2846)
OnlineSubjectDataset initialized with following configuration:
{'Total Samples': 1454358, 'Total Subjects': 2846}
[Filtering] Required windows per batch: 4
[Filtering] Required batches per block: 38
[Filtering] Required blocks per subject: 17
[Filtering] Subjects remaining: 0 (removed 2846)
OnlineSubjectDataset initialized with following configuration:
{'Total Samples': 1454358, 'Total Subjects': 2846}
[Filtering] Required windows per batch: 4
[Filtering] Required batches per block: 39
[Filtering] Required blocks per subject: 17
[Filtering] Subjects remaining: 0 (removed 2846)
OnlineSubjectDataset initialized with following configuration:
{'Total Samples': 1454358, 'Total Subjects': 2846}
[Filtering] Required windows per batch: 4
[Filtering] Required batches per block: 40
[Filtering] Required blocks per subject: 17
[Filtering] Subjects remaining: 0 (removed 2846)
OnlineSubjectDataset initialized with following configuration:
{'Total Samples': 1454358, 'Total Subjects': 2846}
[Filtering] Required windows per batch: 4
[Filtering] Required batches per block: 41
[Filtering] Required blocks per subject: 17
[Filtering] Subjects remaining: 0 (removed 2846)
OnlineSubjectDataset initialized with following configuration:
{'Total Samples': 1454358, 'Total Subjects': 2846}
[Filtering] Required windows per batch: 4
[Filtering] Required batches per block: 42
[Filtering] Required blocks per subject: 17
[Filtering] Subjects remaining: 0 (removed 2846)
OnlineSubjectDataset initialized with following configuration:
{'Total Samples': 1454358, 'Total Subjects': 2846}
[Filtering] Required windows per batch: 4
[Filtering] Required batches per block: 43
[Filtering] Required blocks per subject: 17
[Filtering] Subjects remaining: 0 (removed 2846)
OnlineSubjectDataset initialized with following configuration:
{'Total Samples': 1454358, 'Total Subjects': 2846}
[Filtering] Required windows per batch: 4
[Filtering] Required batches per block: 44
[Filtering] Required blocks per subject: 17
[Filtering] Subjects remaining: 0 (removed 2846)
OnlineSubjectDataset initialized with following configuration:
{'Total Samples': 1454358, 'Total Subjects': 2846}
[Filtering] Required windows per batch: 4
[Filtering] Required batches per block: 45
[Filtering] Required blocks per subject: 17
[Filtering] Subjects remaining: 0 (removed 2846)
OnlineSubjectDataset initialized with following configuration:
{'Total Samples': 1454358, 'Total Subjects': 2846}
[Filtering] Required windows per batch: 4
[Filtering] Required batches per block: 46
[Filtering] Required blocks per subject: 17
[Filtering] Subjects remaining: 0 (removed 2846)
OnlineSubjectDataset initialized with following configuration:
{'Total Samples': 1454358, 'Total Subjects': 2846}
[Filtering] Required windows per batch: 4
[Filtering] Required batches per block: 47
[Filtering] Required blocks per subject: 17
[Filtering] Subjects remaining: 0 (removed 2846)
OnlineSubjectDataset initialized with following configuration:
{'Total Samples': 1454358, 'Total Subjects': 2846}
[Filtering] Required windows per batch: 4
[Filtering] Required batches per block: 48
[Filtering] Required blocks per subject: 17
[Filtering] Subjects remaining: 0 (removed 2846)
OnlineSubjectDataset initialized with following configuration:
{'Total Samples': 1454358, 'Total Subjects': 2846}
[Filtering] Required windows per batch: 4
[Filtering] Required batches per block: 49
[Filtering] Required blocks per subject: 17
[Filtering] Subjects remaining: 0 (removed 2846)
OnlineSubjectDataset initialized with following configuration:
{'Total Samples': 1454358, 'Total Subjects': 2846}
[Filtering] Required windows per batch: 4
[Filtering] Required batches per block: 50
[Filtering] Required blocks per subject: 17
[Filtering] Subjects remaining: 0 (removed 2846)
OnlineSubjectDataset initialized with following configuration:
{'Total Samples': 1454358, 'Total Subjects': 2846}
[Filtering] Required windows per batch: 4
[Filtering] Required batches per block: 51
[Filtering] Required blocks per subject: 17
[Filtering] Subjects remaining: 0 (removed 2846)
OnlineSubjectDataset initialized with following configuration:
{'Total Samples': 1454358, 'Total Subjects': 2846}
[Filtering] Required windows per batch: 4
[Filtering] Required batches per block: 52
[Filtering] Required blocks per subject: 17
[Filtering] Subjects remaining: 0 (removed 2846)
OnlineSubjectDataset initialized with following configuration:
{'Total Samples': 1454358, 'Total Subjects': 2846}
[Filtering] Required windows per batch: 4
[Filtering] Required batches per block: 53
[Filtering] Required blocks per subject: 17
[Filtering] Subjects remaining: 0 (removed 2846)
OnlineSubjectDataset initialized with following configuration:
{'Total Samples': 1454358, 'Total Subjects': 2846}
[Filtering] Required windows per batch: 4
[Filtering] Required batches per block: 54
[Filtering] Required blocks per subject: 17
[Filtering] Subjects remaining: 0 (removed 2846)
OnlineSubjectDataset initialized with following configuration:
{'Total Samples': 1454358, 'Total Subjects': 2846}
[Filtering] Required windows per batch: 4
[Filtering] Required batches per block: 55
[Filtering] Required blocks per subject: 17
[Filtering] Subjects remaining: 0 (removed 2846)
OnlineSubjectDataset initialized with following configuration:
{'Total Samples': 1454358, 'Total Subjects': 2846}
[Filtering] Required windows per batch: 4
[Filtering] Required batches per block: 56
[Filtering] Required blocks per subject: 17
[Filtering] Subjects remaining: 0 (removed 2846)
OnlineSubjectDataset initialized with following configuration:
{'Total Samples': 1454358, 'Total Subjects': 2846}
[Filtering] Required windows per batch: 4
[Filtering] Required batches per block: 57
[Filtering] Required blocks per subject: 17
[Filtering] Subjects remaining: 0 (removed 2846)
OnlineSubjectDataset initialized with following configuration:
{'Total Samples': 1454358, 'Total Subjects': 2846}
[Filtering] Required windows per batch: 4
[Filtering] Required batches per block: 58
[Filtering] Required blocks per subject: 17
[Filtering] Subjects remaining: 0 (removed 2846)
OnlineSubjectDataset initialized with following configuration:
{'Total Samples': 1454358, 'Total Subjects': 2846}
[Filtering] Required windows per batch: 4
[Filtering] Required batches per block: 11
[Filtering] Required blocks per subject: 19
[Filtering] Subjects remaining: 1 (removed 2845)
OnlineSubjectDataset initialized with following configuration:
{'Total Samples': 1454358, 'Total Subjects': 2846}
[Filtering] Required windows per batch: 4
[Filtering] Required batches per block: 12
[Filtering] Required blocks per subject: 19
[Filtering] Subjects remaining: 0 (removed 2846)
OnlineSubjectDataset initialized with following configuration:
{'Total Samples': 1454358, 'Total Subjects': 2846}
[Filtering] Required windows per batch: 4
[Filtering] Required batches per block: 13
[Filtering] Required blocks per subject: 19
[Filtering] Subjects remaining: 0 (removed 2846)
OnlineSubjectDataset initialized with following configuration:
{'Total Samples': 1454358, 'Total Subjects': 2846}
[Filtering] Required windows per batch: 4
[Filtering] Required batches per block: 14
[Filtering] Required blocks per subject: 19
[Filtering] Subjects remaining: 0 (removed 2846)
OnlineSubjectDataset initialized with following configuration:
{'Total Samples': 1454358, 'Total Subjects': 2846}
[Filtering] Required windows per batch: 4
[Filtering] Required batches per block: 15
[Filtering] Required blocks per subject: 19
[Filtering] Subjects remaining: 0 (removed 2846)
OnlineSubjectDataset initialized with following configuration:
{'Total Samples': 1454358, 'Total Subjects': 2846}
[Filtering] Required windows per batch: 4
[Filtering] Required batches per block: 16
[Filtering] Required blocks per subject: 19
[Filtering] Subjects remaining: 0 (removed 2846)
OnlineSubjectDataset initialized with following configuration:
{'Total Samples': 1454358, 'Total Subjects': 2846}
[Filtering] Required windows per batch: 4
[Filtering] Required batches per block: 17
[Filtering] Required blocks per subject: 19
[Filtering] Subjects remaining: 0 (removed 2846)
OnlineSubjectDataset initialized with following configuration:
{'Total Samples': 1454358, 'Total Subjects': 2846}
[Filtering] Required windows per batch: 4
[Filtering] Required batches per block: 18
[Filtering] Required blocks per subject: 19
[Filtering] Subjects remaining: 0 (removed 2846)
OnlineSubjectDataset initialized with following configuration:
{'Total Samples': 1454358, 'Total Subjects': 2846}
[Filtering] Required windows per batch: 4
[Filtering] Required batches per block: 19
[Filtering] Required blocks per subject: 19
[Filtering] Subjects remaining: 0 (removed 2846)
OnlineSubjectDataset initialized with following configuration:
{'Total Samples': 1454358, 'Total Subjects': 2846}
[Filtering] Required windows per batch: 4
[Filtering] Required batches per block: 20
[Filtering] Required blocks per subject: 19
[Filtering] Subjects remaining: 0 (removed 2846)
OnlineSubjectDataset initialized with following configuration:
{'Total Samples': 1454358, 'Total Subjects': 2846}
[Filtering] Required windows per batch: 4
[Filtering] Required batches per block: 21
[Filtering] Required blocks per subject: 19
[Filtering] Subjects remaining: 0 (removed 2846)
OnlineSubjectDataset initialized with following configuration:
{'Total Samples': 1454358, 'Total Subjects': 2846}
[Filtering] Required windows per batch: 4
[Filtering] Required batches per block: 22
[Filtering] Required blocks per subject: 19
[Filtering] Subjects remaining: 0 (removed 2846)
OnlineSubjectDataset initialized with following configuration:
{'Total Samples': 1454358, 'Total Subjects': 2846}
[Filtering] Required windows per batch: 4
[Filtering] Required batches per block: 23
[Filtering] Required blocks per subject: 19
[Filtering] Subjects remaining: 0 (removed 2846)
OnlineSubjectDataset initialized with following configuration:
{'Total Samples': 1454358, 'Total Subjects': 2846}
[Filtering] Required windows per batch: 4
[Filtering] Required batches per block: 24
[Filtering] Required blocks per subject: 19
[Filtering] Subjects remaining: 0 (removed 2846)
OnlineSubjectDataset initialized with following configuration:
{'Total Samples': 1454358, 'Total Subjects': 2846}
[Filtering] Required windows per batch: 4
[Filtering] Required batches per block: 25
[Filtering] Required blocks per subject: 19
[Filtering] Subjects remaining: 0 (removed 2846)
OnlineSubjectDataset initialized with following configuration:
{'Total Samples': 1454358, 'Total Subjects': 2846}
[Filtering] Required windows per batch: 4
[Filtering] Required batches per block: 26
[Filtering] Required blocks per subject: 19
[Filtering] Subjects remaining: 0 (removed 2846)
OnlineSubjectDataset initialized with following configuration:
{'Total Samples': 1454358, 'Total Subjects': 2846}
[Filtering] Required windows per batch: 4
[Filtering] Required batches per block: 27
[Filtering] Required blocks per subject: 19
[Filtering] Subjects remaining: 0 (removed 2846)
OnlineSubjectDataset initialized with following configuration:
{'Total Samples': 1454358, 'Total Subjects': 2846}
[Filtering] Required windows per batch: 4
[Filtering] Required batches per block: 28
[Filtering] Required blocks per subject: 19
[Filtering] Subjects remaining: 0 (removed 2846)
OnlineSubjectDataset initialized with following configuration:
{'Total Samples': 1454358, 'Total Subjects': 2846}
[Filtering] Required windows per batch: 4
[Filtering] Required batches per block: 29
[Filtering] Required blocks per subject: 19
[Filtering] Subjects remaining: 0 (removed 2846)
OnlineSubjectDataset initialized with following configuration:
{'Total Samples': 1454358, 'Total Subjects': 2846}
[Filtering] Required windows per batch: 4
[Filtering] Required batches per block: 30
[Filtering] Required blocks per subject: 19
[Filtering] Subjects remaining: 0 (removed 2846)
OnlineSubjectDataset initialized with following configuration:
{'Total Samples': 1454358, 'Total Subjects': 2846}
[Filtering] Required windows per batch: 4
[Filtering] Required batches per block: 31
[Filtering] Required blocks per subject: 19
[Filtering] Subjects remaining: 0 (removed 2846)
OnlineSubjectDataset initialized with following configuration:
{'Total Samples': 1454358, 'Total Subjects': 2846}
[Filtering] Required windows per batch: 4
[Filtering] Required batches per block: 32
[Filtering] Required blocks per subject: 19
[Filtering] Subjects remaining: 0 (removed 2846)
OnlineSubjectDataset initialized with following configuration:
{'Total Samples': 1454358, 'Total Subjects': 2846}
[Filtering] Required windows per batch: 4
[Filtering] Required batches per block: 33
[Filtering] Required blocks per subject: 19
[Filtering] Subjects remaining: 0 (removed 2846)
OnlineSubjectDataset initialized with following configuration:
{'Total Samples': 1454358, 'Total Subjects': 2846}
[Filtering] Required windows per batch: 4
[Filtering] Required batches per block: 34
[Filtering] Required blocks per subject: 19
[Filtering] Subjects remaining: 0 (removed 2846)
OnlineSubjectDataset initialized with following configuration:
{'Total Samples': 1454358, 'Total Subjects': 2846}
[Filtering] Required windows per batch: 4
[Filtering] Required batches per block: 35
[Filtering] Required blocks per subject: 19
[Filtering] Subjects remaining: 0 (removed 2846)
OnlineSubjectDataset initialized with following configuration:
{'Total Samples': 1454358, 'Total Subjects': 2846}
[Filtering] Required windows per batch: 4
[Filtering] Required batches per block: 36
[Filtering] Required blocks per subject: 19
[Filtering] Subjects remaining: 0 (removed 2846)
OnlineSubjectDataset initialized with following configuration:
{'Total Samples': 1454358, 'Total Subjects': 2846}
[Filtering] Required windows per batch: 4
[Filtering] Required batches per block: 37
[Filtering] Required blocks per subject: 19
[Filtering] Subjects remaining: 0 (removed 2846)
OnlineSubjectDataset initialized with following configuration:
{'Total Samples': 1454358, 'Total Subjects': 2846}
[Filtering] Required windows per batch: 4
[Filtering] Required batches per block: 38
[Filtering] Required blocks per subject: 19
[Filtering] Subjects remaining: 0 (removed 2846)
OnlineSubjectDataset initialized with following configuration:
{'Total Samples': 1454358, 'Total Subjects': 2846}
[Filtering] Required windows per batch: 4
[Filtering] Required batches per block: 54
[Filtering] Required blocks per subject: 8
[Filtering] Subjects remaining: 0 (removed 2846)
OnlineSubjectDataset initialized with following configuration:
{'Total Samples': 1454358, 'Total Subjects': 2846}
[Filtering] Required windows per batch: 4
[Filtering] Required batches per block: 55
[Filtering] Required blocks per subject: 8
[Filtering] Subjects remaining: 0 (removed 2846)
OnlineSubjectDataset initialized with following configuration:
{'Total Samples': 1454358, 'Total Subjects': 2846}
[Filtering] Required windows per batch: 4
[Filtering] Required batches per block: 56
[Filtering] Required blocks per subject: 8
[Filtering] Subjects remaining: 0 (removed 2846)
OnlineSubjectDataset initialized with following configuration:
{'Total Samples': 1454358, 'Total Subjects': 2846}
[Filtering] Required windows per batch: 4
[Filtering] Required batches per block: 57
[Filtering] Required blocks per subject: 8
[Filtering] Subjects remaining: 0 (removed 2846)
OnlineSubjectDataset initialized with following configuration:
{'Total Samples': 1454358, 'Total Subjects': 2846}
[Filtering] Required windows per batch: 4
[Filtering] Required batches per block: 58
[Filtering] Required blocks per subject: 8
[Filtering] Subjects remaining: 0 (removed 2846)
OnlineSubjectDataset initialized with following configuration:
{'Total Samples': 1454358, 'Total Subjects': 2846}
[Filtering] Required windows per batch: 4
[Filtering] Required batches per block: 59
[Filtering] Required blocks per subject: 8
[Filtering] Subjects remaining: 0 (removed 2846)
OnlineSubjectDataset initialized with following configuration:
{'Total Samples': 1454358, 'Total Subjects': 2846}
[Filtering] Required windows per batch: 4
[Filtering] Required batches per block: 60
[Filtering] Required blocks per subject: 8
[Filtering] Subjects remaining: 0 (removed 2846)
OnlineSubjectDataset initialized with following configuration:
{'Total Samples': 1454358, 'Total Subjects': 2846}
[Filtering] Required windows per batch: 4
[Filtering] Required batches per block: 61
[Filtering] Required blocks per subject: 8
[Filtering] Subjects remaining: 0 (removed 2846)
OnlineSubjectDataset initialized with following configuration:
{'Total Samples': 1454358, 'Total Subjects': 2846}
[Filtering] Required windows per batch: 4
[Filtering] Required batches per block: 62
[Filtering] Required blocks per subject: 8
[Filtering] Subjects remaining: 0 (removed 2846)
OnlineSubjectDataset initialized with following configuration:
{'Total Samples': 1454358, 'Total Subjects': 2846}
[Filtering] Required windows per batch: 4
[Filtering] Required batches per block: 63
[Filtering] Required blocks per subject: 8
[Filtering] Subjects remaining: 0 (removed 2846)
OnlineSubjectDataset initialized with following configuration:
{'Total Samples': 1454358, 'Total Subjects': 2846}
[Filtering] Required windows per batch: 4
[Filtering] Required batches per block: 64
[Filtering] Required blocks per subject: 8
[Filtering] Subjects remaining: 0 (removed 2846)
OnlineSubjectDataset initialized with following configuration:
{'Total Samples': 1454358, 'Total Subjects': 2846}
[Filtering] Required windows per batch: 4
[Filtering] Required batches per block: 65
[Filtering] Required blocks per subject: 8
[Filtering] Subjects remaining: 0 (removed 2846)
OnlineSubjectDataset initialized with following configuration:
{'Total Samples': 1454358, 'Total Subjects': 2846}
[Filtering] Required windows per batch: 4
[Filtering] Required batches per block: 66
[Filtering] Required blocks per subject: 8
[Filtering] Subjects remaining: 0 (removed 2846)
OnlineSubjectDataset initialized with following configuration:
{'Total Samples': 1454358, 'Total Subjects': 2846}
[Filtering] Required windows per batch: 4
[Filtering] Required batches per block: 67
[Filtering] Required blocks per subject: 8
[Filtering] Subjects remaining: 0 (removed 2846)
OnlineSubjectDataset initialized with following configuration:
{'Total Samples': 1454358, 'Total Subjects': 2846}
[Filtering] Required windows per batch: 4
[Filtering] Required batches per block: 68
[Filtering] Required blocks per subject: 8
[Filtering] Subjects remaining: 0 (removed 2846)
OnlineSubjectDataset initialized with following configuration:
{'Total Samples': 1454358, 'Total Subjects': 2846}
[Filtering] Required windows per batch: 4
[Filtering] Required batches per block: 69
[Filtering] Required blocks per subject: 8
[Filtering] Subjects remaining: 0 (removed 2846)
OnlineSubjectDataset initialized with following configuration:
{'Total Samples': 1454358, 'Total Subjects': 2846}
[Filtering] Required windows per batch: 4
[Filtering] Required batches per block: 70
[Filtering] Required blocks per subject: 8
[Filtering] Subjects remaining: 0 (removed 2846)
OnlineSubjectDataset initialized with following configuration:
{'Total Samples': 1454358, 'Total Subjects': 2846}
[Filtering] Required windows per batch: 4
[Filtering] Required batches per block: 71
[Filtering] Required blocks per subject: 8
[Filtering] Subjects remaining: 0 (removed 2846)
OnlineSubjectDataset initialized with following configuration:
{'Total Samples': 1454358, 'Total Subjects': 2846}
[Filtering] Required windows per batch: 4
[Filtering] Required batches per block: 72
[Filtering] Required blocks per subject: 8
[Filtering] Subjects remaining: 0 (removed 2846)
OnlineSubjectDataset initialized with following configuration:
{'Total Samples': 1454358, 'Total Subjects': 2846}
[Filtering] Required windows per batch: 4
[Filtering] Required batches per block: 73
[Filtering] Required blocks per subject: 8
[Filtering] Subjects remaining: 0 (removed 2846)
OnlineSubjectDataset initialized with following configuration:
{'Total Samples': 1454358, 'Total Subjects': 2846}
[Filtering] Required windows per batch: 4
[Filtering] Required batches per block: 74
[Filtering] Required blocks per subject: 8
[Filtering] Subjects remaining: 0 (removed 2846)
OnlineSubjectDataset initialized with following configuration:
{'Total Samples': 1454358, 'Total Subjects': 2846}
[Filtering] Required windows per batch: 4
[Filtering] Required batches per block: 75
[Filtering] Required blocks per subject: 8
[Filtering] Subjects remaining: 0 (removed 2846)
OnlineSubjectDataset initialized with following configuration:
{'Total Samples': 1454358, 'Total Subjects': 2846}
[Filtering] Required windows per batch: 4
[Filtering] Required batches per block: 76
[Filtering] Required blocks per subject: 8
[Filtering] Subjects remaining: 0 (removed 2846)
OnlineSubjectDataset initialized with following configuration:
{'Total Samples': 1454358, 'Total Subjects': 2846}
[Filtering] Required windows per batch: 4
[Filtering] Required batches per block: 77
[Filtering] Required blocks per subject: 8
[Filtering] Subjects remaining: 0 (removed 2846)
OnlineSubjectDataset initialized with following configuration:
{'Total Samples': 1454358, 'Total Subjects': 2846}
[Filtering] Required windows per batch: 4
[Filtering] Required batches per block: 1
[Filtering] Required blocks per subject: 9
[Filtering] Subjects remaining: 2212 (removed 634)
OnlineSubjectDataset initialized with following configuration:
{'Total Samples': 1454358, 'Total Subjects': 2846}
[Filtering] Required windows per batch: 4
[Filtering] Required batches per block: 2
[Filtering] Required blocks per subject: 9
[Filtering] Subjects remaining: 1752 (removed 1094)
OnlineSubjectDataset initialized with following configuration:
{'Total Samples': 1454358, 'Total Subjects': 2846}
[Filtering] Required windows per batch: 4
[Filtering] Required batches per block: 3
[Filtering] Required blocks per subject: 9
[Filtering] Subjects remaining: 1287 (removed 1559)
OnlineSubjectDataset initialized with following configuration:
{'Total Samples': 1454358, 'Total Subjects': 2846}
[Filtering] Required windows per batch: 4
[Filtering] Required batches per block: 4
[Filtering] Required blocks per subject: 9
[Filtering] Subjects remaining: 914 (removed 1932)
OnlineSubjectDataset initialized with following configuration:
{'Total Samples': 1454358, 'Total Subjects': 2846}
[Filtering] Required windows per batch: 4
[Filtering] Required batches per block: 71
[Filtering] Required blocks per subject: 13
[Filtering] Subjects remaining: 0 (removed 2846)
OnlineSubjectDataset initialized with following configuration:
{'Total Samples': 1454358, 'Total Subjects': 2846}
[Filtering] Required windows per batch: 4
[Filtering] Required batches per block: 72
[Filtering] Required blocks per subject: 13
[Filtering] Subjects remaining: 0 (removed 2846)
OnlineSubjectDataset initialized with following configuration:
{'Total Samples': 1454358, 'Total Subjects': 2846}
[Filtering] Required windows per batch: 4
[Filtering] Required batches per block: 73
[Filtering] Required blocks per subject: 13
[Filtering] Subjects remaining: 0 (removed 2846)
OnlineSubjectDataset initialized with following configuration:
{'Total Samples': 1454358, 'Total Subjects': 2846}
[Filtering] Required windows per batch: 4
[Filtering] Required batches per block: 74
[Filtering] Required blocks per subject: 13
[Filtering] Subjects remaining: 0 (removed 2846)
OnlineSubjectDataset initialized with following configuration:
{'Total Samples': 1454358, 'Total Subjects': 2846}
[Filtering] Required windows per batch: 4
[Filtering] Required batches per block: 75
[Filtering] Required blocks per subject: 13
[Filtering] Subjects remaining: 0 (removed 2846)
OnlineSubjectDataset initialized with following configuration:
{'Total Samples': 1454358, 'Total Subjects': 2846}
[Filtering] Required windows per batch: 4
[Filtering] Required batches per block: 76
[Filtering] Required blocks per subject: 13
[Filtering] Subjects remaining: 0 (removed 2846)
OnlineSubjectDataset initialized with following configuration:
{'Total Samples': 1454358, 'Total Subjects': 2846}
[Filtering] Required windows per batch: 4
[Filtering] Required batches per block: 77
[Filtering] Required blocks per subject: 13
[Filtering] Subjects remaining: 0 (removed 2846)
OnlineSubjectDataset initialized with following configuration:
{'Total Samples': 1454358, 'Total Subjects': 2846}
[Filtering] Required windows per batch: 4
[Filtering] Required batches per block: 1
[Filtering] Required blocks per subject: 14
[Filtering] Subjects remaining: 1970 (removed 876)
OnlineSubjectDataset initialized with following configuration:
{'Total Samples': 1454358, 'Total Subjects': 2846}
[Filtering] Required windows per batch: 4
[Filtering] Required batches per block: 2
[Filtering] Required blocks per subject: 14
[Filtering] Subjects remaining: 1312 (removed 1534)
OnlineSubjectDataset initialized with following configuration:
{'Total Samples': 1454358, 'Total Subjects': 2846}
[Filtering] Required windows per batch: 4
[Filtering] Required batches per block: 3
[Filtering] Required blocks per subject: 14
[Filtering] Subjects remaining: 771 (removed 2075)
OnlineSubjectDataset initialized with following configuration:
{'Total Samples': 1454358, 'Total Subjects': 2846}
[Filtering] Required windows per batch: 4
[Filtering] Required batches per block: 4
[Filtering] Required blocks per subject: 14
[Filtering] Subjects remaining: 433 (removed 2413)
OnlineSubjectDataset initialized with following configuration:
{'Total Samples': 1454358, 'Total Subjects': 2846}
[Filtering] Required windows per batch: 4
[Filtering] Required batches per block: 5
[Filtering] Required blocks per subject: 14
[Filtering] Subjects remaining: 243 (removed 2603)
OnlineSubjectDataset initialized with following configuration:
{'Total Samples': 1454358, 'Total Subjects': 2846}
[Filtering] Required windows per batch: 4
[Filtering] Required batches per block: 6
[Filtering] Required blocks per subject: 14
[Filtering] Subjects remaining: 129 (removed 2717)
OnlineSubjectDataset initialized with following configuration:
{'Total Samples': 1454358, 'Total Subjects': 2846}
[Filtering] Required windows per batch: 4
[Filtering] Required batches per block: 7
[Filtering] Required blocks per subject: 14
[Filtering] Subjects remaining: 84 (removed 2762)
OnlineSubjectDataset initialized with following configuration:
{'Total Samples': 1454358, 'Total Subjects': 2846}
[Filtering] Required windows per batch: 4
[Filtering] Required batches per block: 8
[Filtering] Required blocks per subject: 14
[Filtering] Subjects remaining: 41 (removed 2805)
OnlineSubjectDataset initialized with following configuration:
{'Total Samples': 1454358, 'Total Subjects': 2846}
[Filtering] Required windows per batch: 4
[Filtering] Required batches per block: 9
[Filtering] Required blocks per subject: 14
[Filtering] Subjects remaining: 20 (removed 2826)
OnlineSubjectDataset initialized with following configuration:
{'Total Samples': 1454358, 'Total Subjects': 2846}
[Filtering] Required windows per batch: 4
[Filtering] Required batches per block: 10
[Filtering] Required blocks per subject: 14
[Filtering] Subjects remaining: 9 (removed 2837)
OnlineSubjectDataset initialized with following configuration:
{'Total Samples': 1454358, 'Total Subjects': 2846}
[Filtering] Required windows per batch: 4
[Filtering] Required batches per block: 11
[Filtering] Required blocks per subject: 14
[Filtering] Subjects remaining: 6 (removed 2840)
OnlineSubjectDataset initialized with following configuration:
{'Total Samples': 1454358, 'Total Subjects': 2846}
[Filtering] Required windows per batch: 4
[Filtering] Required batches per block: 12
[Filtering] Required blocks per subject: 14
[Filtering] Subjects remaining: 3 (removed 2843)
OnlineSubjectDataset initialized with following configuration:
{'Total Samples': 1454358, 'Total Subjects': 2846}
[Filtering] Required windows per batch: 4
[Filtering] Required batches per block: 13
[Filtering] Required blocks per subject: 14
[Filtering] Subjects remaining: 2 (removed 2844)
OnlineSubjectDataset initialized with following configuration:
{'Total Samples': 1454358, 'Total Subjects': 2846}
[Filtering] Required windows per batch: 4
[Filtering] Required batches per block: 14
[Filtering] Required blocks per subject: 14
[Filtering] Subjects remaining: 2 (removed 2844)
OnlineSubjectDataset initialized with following configuration:
{'Total Samples': 1454358, 'Total Subjects': 2846}
[Filtering] Required windows per batch: 4
[Filtering] Required batches per block: 15
[Filtering] Required blocks per subject: 14
[Filtering] Subjects remaining: 2 (removed 2844)
OnlineSubjectDataset initialized with following configuration:
{'Total Samples': 1454358, 'Total Subjects': 2846}
[Filtering] Required windows per batch: 4
[Filtering] Required batches per block: 16
[Filtering] Required blocks per subject: 14
[Filtering] Subjects remaining: 0 (removed 2846)
OnlineSubjectDataset initialized with following configuration:
{'Total Samples': 1454358, 'Total Subjects': 2846}
[Filtering] Required windows per batch: 4
[Filtering] Required batches per block: 17
[Filtering] Required blocks per subject: 14
[Filtering] Subjects remaining: 0 (removed 2846)
OnlineSubjectDataset initialized with following configuration:
{'Total Samples': 1454358, 'Total Subjects': 2846}
[Filtering] Required windows per batch: 4
[Filtering] Required batches per block: 18
[Filtering] Required blocks per subject: 14
[Filtering] Subjects remaining: 0 (removed 2846)
OnlineSubjectDataset initialized with following configuration:
{'Total Samples': 1454358, 'Total Subjects': 2846}
[Filtering] Required windows per batch: 4
[Filtering] Required batches per block: 19
[Filtering] Required blocks per subject: 14
[Filtering] Subjects remaining: 0 (removed 2846)
OnlineSubjectDataset initialized with following configuration:
{'Total Samples': 1454358, 'Total Subjects': 2846}
[Filtering] Required windows per batch: 4
[Filtering] Required batches per block: 20
[Filtering] Required blocks per subject: 14
[Filtering] Subjects remaining: 0 (removed 2846)
OnlineSubjectDataset initialized with following configuration:
{'Total Samples': 1454358, 'Total Subjects': 2846}
[Filtering] Required windows per batch: 4
[Filtering] Required batches per block: 21
[Filtering] Required blocks per subject: 14
[Filtering] Subjects remaining: 0 (removed 2846)
OnlineSubjectDataset initialized with following configuration:
{'Total Samples': 1454358, 'Total Subjects': 2846}
[Filtering] Required windows per batch: 4
[Filtering] Required batches per block: 68
[Filtering] Required blocks per subject: 20
[Filtering] Subjects remaining: 0 (removed 2846)
OnlineSubjectDataset initialized with following configuration:
{'Total Samples': 1454358, 'Total Subjects': 2846}
[Filtering] Required windows per batch: 4
[Filtering] Required batches per block: 69
[Filtering] Required blocks per subject: 20
[Filtering] Subjects remaining: 0 (removed 2846)
OnlineSubjectDataset initialized with following configuration:
{'Total Samples': 1454358, 'Total Subjects': 2846}
[Filtering] Required windows per batch: 4
[Filtering] Required batches per block: 70
[Filtering] Required blocks per subject: 20
[Filtering] Subjects remaining: 0 (removed 2846)
OnlineSubjectDataset initialized with following configuration:
{'Total Samples': 1454358, 'Total Subjects': 2846}
[Filtering] Required windows per batch: 4
[Filtering] Required batches per block: 71
[Filtering] Required blocks per subject: 20
[Filtering] Subjects remaining: 0 (removed 2846)
OnlineSubjectDataset initialized with following configuration:
{'Total Samples': 1454358, 'Total Subjects': 2846}
[Filtering] Required windows per batch: 4
[Filtering] Required batches per block: 72
[Filtering] Required blocks per subject: 20
[Filtering] Subjects remaining: 0 (removed 2846)
OnlineSubjectDataset initialized with following configuration:
{'Total Samples': 1454358, 'Total Subjects': 2846}
[Filtering] Required windows per batch: 4
[Filtering] Required batches per block: 73
[Filtering] Required blocks per subject: 20
[Filtering] Subjects remaining: 0 (removed 2846)
OnlineSubjectDataset initialized with following configuration:
{'Total Samples': 1454358, 'Total Subjects': 2846}
[Filtering] Required windows per batch: 4
[Filtering] Required batches per block: 74
[Filtering] Required blocks per subject: 20
[Filtering] Subjects remaining: 0 (removed 2846)
OnlineSubjectDataset initialized with following configuration:
{'Total Samples': 1454358, 'Total Subjects': 2846}
[Filtering] Required windows per batch: 4
[Filtering] Required batches per block: 75
[Filtering] Required blocks per subject: 20
[Filtering] Subjects remaining: 0 (removed 2846)
OnlineSubjectDataset initialized with following configuration:
{'Total Samples': 1454358, 'Total Subjects': 2846}
[Filtering] Required windows per batch: 4
[Filtering] Required batches per block: 76
[Filtering] Required blocks per subject: 20
[Filtering] Subjects remaining: 0 (removed 2846)
OnlineSubjectDataset initialized with following configuration:
{'Total Samples': 1454358, 'Total Subjects': 2846}
[Filtering] Required windows per batch: 4
[Filtering] Required batches per block: 77
[Filtering] Required blocks per subject: 20
[Filtering] Subjects remaining: 0 (removed 2846)
OnlineSubjectDataset initialized with following configuration:
{'Total Samples': 1454358, 'Total Subjects': 2846}
[Filtering] Required windows per batch: 4
[Filtering] Required batches per block: 1
[Filtering] Required blocks per subject: 21
[Filtering] Subjects remaining: 1575 (removed 1271)
OnlineSubjectDataset initialized with following configuration:
{'Total Samples': 1454358, 'Total Subjects': 2846}
[Filtering] Required windows per batch: 4
[Filtering] Required batches per block: 2
[Filtering] Required blocks per subject: 21
[Filtering] Subjects remaining: 793 (removed 2053)
OnlineSubjectDataset initialized with following configuration:
{'Total Samples': 1454358, 'Total Subjects': 2846}
[Filtering] Required windows per batch: 4
[Filtering] Required batches per block: 3
[Filtering] Required blocks per subject: 21
[Filtering] Subjects remaining: 340 (removed 2506)
OnlineSubjectDataset initialized with following configuration:
{'Total Samples': 1454358, 'Total Subjects': 2846}
[Filtering] Required windows per batch: 4
[Filtering] Required batches per block: 4
[Filtering] Required blocks per subject: 21
[Filtering] Subjects remaining: 137 (removed 2709)
OnlineSubjectDataset initialized with following configuration:
{'Total Samples': 1454358, 'Total Subjects': 2846}
[Filtering] Required windows per batch: 4
[Filtering] Required batches per block: 5
[Filtering] Required blocks per subject: 21
[Filtering] Subjects remaining: 53 (removed 2793)
OnlineSubjectDataset initialized with following configuration:
{'Total Samples': 1454358, 'Total Subjects': 2846}
[Filtering] Required windows per batch: 4
[Filtering] Required batches per block: 6
[Filtering] Required blocks per subject: 21
[Filtering] Subjects remaining: 19 (removed 2827)
OnlineSubjectDataset initialized with following configuration:
{'Total Samples': 1454358, 'Total Subjects': 2846}
[Filtering] Required windows per batch: 4
[Filtering] Required batches per block: 7
[Filtering] Required blocks per subject: 21
[Filtering] Subjects remaining: 6 (removed 2840)
OnlineSubjectDataset initialized with following configuration:
{'Total Samples': 1454358, 'Total Subjects': 2846}
[Filtering] Required windows per batch: 4
[Filtering] Required batches per block: 8
[Filtering] Required blocks per subject: 21
[Filtering] Subjects remaining: 3 (removed 2843)
OnlineSubjectDataset initialized with following configuration:
{'Total Samples': 1454358, 'Total Subjects': 2846}
[Filtering] Required windows per batch: 4
[Filtering] Required batches per block: 9
[Filtering] Required blocks per subject: 21
[Filtering] Subjects remaining: 1 (removed 2845)
OnlineSubjectDataset initialized with following configuration:
{'Total Samples': 1454358, 'Total Subjects': 2846}
[Filtering] Required windows per batch: 4
[Filtering] Required batches per block: 10
[Filtering] Required blocks per subject: 21
[Filtering] Subjects remaining: 0 (removed 2846)
OnlineSubjectDataset initialized with following configuration:
{'Total Samples': 1454358, 'Total Subjects': 2846}
[Filtering] Required windows per batch: 4
[Filtering] Required batches per block: 11
[Filtering] Required blocks per subject: 21
[Filtering] Subjects remaining: 0 (removed 2846)
OnlineSubjectDataset initialized with following configuration:
{'Total Samples': 1454358, 'Total Subjects': 2846}
[Filtering] Required windows per batch: 4
[Filtering] Required batches per block: 12
[Filtering] Required blocks per subject: 21
[Filtering] Subjects remaining: 0 (removed 2846)
OnlineSubjectDataset initialized with following configuration:
{'Total Samples': 1454358, 'Total Subjects': 2846}
[Filtering] Required windows per batch: 4
[Filtering] Required batches per block: 13
[Filtering] Required blocks per subject: 21
[Filtering] Subjects remaining: 0 (removed 2846)
OnlineSubjectDataset initialized with following configuration:
{'Total Samples': 1454358, 'Total Subjects': 2846}
[Filtering] Required windows per batch: 4
[Filtering] Required batches per block: 14
[Filtering] Required blocks per subject: 21
[Filtering] Subjects remaining: 0 (removed 2846)
OnlineSubjectDataset initialized with following configuration:
{'Total Samples': 1454358, 'Total Subjects': 2846}
[Filtering] Required windows per batch: 4
[Filtering] Required batches per block: 15
[Filtering] Required blocks per subject: 21
[Filtering] Subjects remaining: 0 (removed 2846)
OnlineSubjectDataset initialized with following configuration:
{'Total Samples': 1454358, 'Total Subjects': 2846}
[Filtering] Required windows per batch: 4
[Filtering] Required batches per block: 16
[Filtering] Required blocks per subject: 21
[Filtering] Subjects remaining: 0 (removed 2846)
OnlineSubjectDataset initialized with following configuration:
{'Total Samples': 1454358, 'Total Subjects': 2846}
[Filtering] Required windows per batch: 4
[Filtering] Required batches per block: 17
[Filtering] Required blocks per subject: 21
[Filtering] Subjects remaining: 0 (removed 2846)
OnlineSubjectDataset initialized with following configuration:
{'Total Samples': 1454358, 'Total Subjects': 2846}
[Filtering] Required windows per batch: 4
[Filtering] Required batches per block: 18
[Filtering] Required blocks per subject: 21
[Filtering] Subjects remaining: 0 (removed 2846)
OnlineSubjectDataset initialized with following configuration:
{'Total Samples': 1454358, 'Total Subjects': 2846}
[Filtering] Required windows per batch: 4
[Filtering] Required batches per block: 14
[Filtering] Required blocks per subject: 12
[Filtering] Subjects remaining: 3 (removed 2843)
OnlineSubjectDataset initialized with following configuration:
{'Total Samples': 1454358, 'Total Subjects': 2846}
[Filtering] Required windows per batch: 4
[Filtering] Required batches per block: 15
[Filtering] Required blocks per subject: 12
[Filtering] Subjects remaining: 3 (removed 2843)
OnlineSubjectDataset initialized with following configuration:
{'Total Samples': 1454358, 'Total Subjects': 2846}
[Filtering] Required windows per batch: 4
[Filtering] Required batches per block: 16
[Filtering] Required blocks per subject: 12
[Filtering] Subjects remaining: 2 (removed 2844)
OnlineSubjectDataset initialized with following configuration:
{'Total Samples': 1454358, 'Total Subjects': 2846}
[Filtering] Required windows per batch: 4
[Filtering] Required batches per block: 17
[Filtering] Required blocks per subject: 12
[Filtering] Subjects remaining: 1 (removed 2845)
OnlineSubjectDataset initialized with following configuration:
{'Total Samples': 1454358, 'Total Subjects': 2846}
[Filtering] Required windows per batch: 4
[Filtering] Required batches per block: 18
[Filtering] Required blocks per subject: 12
[Filtering] Subjects remaining: 1 (removed 2845)
OnlineSubjectDataset initialized with following configuration:
{'Total Samples': 1454358, 'Total Subjects': 2846}
[Filtering] Required windows per batch: 4
[Filtering] Required batches per block: 19
[Filtering] Required blocks per subject: 12
[Filtering] Subjects remaining: 1 (removed 2845)
OnlineSubjectDataset initialized with following configuration:
{'Total Samples': 1454358, 'Total Subjects': 2846}
[Filtering] Required windows per batch: 4
[Filtering] Required batches per block: 20
[Filtering] Required blocks per subject: 12
[Filtering] Subjects remaining: 1 (removed 2845)
OnlineSubjectDataset initialized with following configuration:
{'Total Samples': 1454358, 'Total Subjects': 2846}
[Filtering] Required windows per batch: 4
[Filtering] Required batches per block: 21
[Filtering] Required blocks per subject: 12
[Filtering] Subjects remaining: 0 (removed 2846)
OnlineSubjectDataset initialized with following configuration:
{'Total Samples': 1454358, 'Total Subjects': 2846}
[Filtering] Required windows per batch: 4
[Filtering] Required batches per block: 22
[Filtering] Required blocks per subject: 12
[Filtering] Subjects remaining: 0 (removed 2846)
OnlineSubjectDataset initialized with following configuration:
{'Total Samples': 1454358, 'Total Subjects': 2846}
[Filtering] Required windows per batch: 4
[Filtering] Required batches per block: 23
[Filtering] Required blocks per subject: 12
[Filtering] Subjects remaining: 0 (removed 2846)
OnlineSubjectDataset initialized with following configuration:
{'Total Samples': 1454358, 'Total Subjects': 2846}
[Filtering] Required windows per batch: 4
[Filtering] Required batches per block: 24
[Filtering] Required blocks per subject: 12
[Filtering] Subjects remaining: 0 (removed 2846)
OnlineSubjectDataset initialized with following configuration:
{'Total Samples': 1454358, 'Total Subjects': 2846}
[Filtering] Required windows per batch: 4
[Filtering] Required batches per block: 25
[Filtering] Required blocks per subject: 12
[Filtering] Subjects remaining: 0 (removed 2846)
OnlineSubjectDataset initialized with following configuration:
{'Total Samples': 1454358, 'Total Subjects': 2846}
[Filtering] Required windows per batch: 4
[Filtering] Required batches per block: 26
[Filtering] Required blocks per subject: 12
[Filtering] Subjects remaining: 0 (removed 2846)
OnlineSubjectDataset initialized with following configuration:
{'Total Samples': 1454358, 'Total Subjects': 2846}
[Filtering] Required windows per batch: 4
[Filtering] Required batches per block: 27
[Filtering] Required blocks per subject: 12
[Filtering] Subjects remaining: 0 (removed 2846)
OnlineSubjectDataset initialized with following configuration:
{'Total Samples': 1454358, 'Total Subjects': 2846}
[Filtering] Required windows per batch: 4
[Filtering] Required batches per block: 28
[Filtering] Required blocks per subject: 12
[Filtering] Subjects remaining: 0 (removed 2846)
OnlineSubjectDataset initialized with following configuration:
{'Total Samples': 1454358, 'Total Subjects': 2846}
[Filtering] Required windows per batch: 4
[Filtering] Required batches per block: 29
[Filtering] Required blocks per subject: 12
[Filtering] Subjects remaining: 0 (removed 2846)
OnlineSubjectDataset initialized with following configuration:
{'Total Samples': 1454358, 'Total Subjects': 2846}
[Filtering] Required windows per batch: 4
[Filtering] Required batches per block: 30
[Filtering] Required blocks per subject: 12
[Filtering] Subjects remaining: 0 (removed 2846)
OnlineSubjectDataset initialized with following configuration:
{'Total Samples': 1454358, 'Total Subjects': 2846}
[Filtering] Required windows per batch: 4
[Filtering] Required batches per block: 31
[Filtering] Required blocks per subject: 12
[Filtering] Subjects remaining: 0 (removed 2846)
OnlineSubjectDataset initialized with following configuration:
{'Total Samples': 1454358, 'Total Subjects': 2846}
[Filtering] Required windows per batch: 4
[Filtering] Required batches per block: 32
[Filtering] Required blocks per subject: 12
[Filtering] Subjects remaining: 0 (removed 2846)
OnlineSubjectDataset initialized with following configuration:
{'Total Samples': 1454358, 'Total Subjects': 2846}
[Filtering] Required windows per batch: 4
[Filtering] Required batches per block: 33
[Filtering] Required blocks per subject: 12
[Filtering] Subjects remaining: 0 (removed 2846)
OnlineSubjectDataset initialized with following configuration:
{'Total Samples': 1454358, 'Total Subjects': 2846}
[Filtering] Required windows per batch: 4
[Filtering] Required batches per block: 34
[Filtering] Required blocks per subject: 12
[Filtering] Subjects remaining: 0 (removed 2846)
OnlineSubjectDataset initialized with following configuration:
{'Total Samples': 1454358, 'Total Subjects': 2846}
[Filtering] Required windows per batch: 4
[Filtering] Required batches per block: 35
[Filtering] Required blocks per subject: 12
[Filtering] Subjects remaining: 0 (removed 2846)
OnlineSubjectDataset initialized with following configuration:
{'Total Samples': 1454358, 'Total Subjects': 2846}
[Filtering] Required windows per batch: 4
[Filtering] Required batches per block: 36
[Filtering] Required blocks per subject: 12
[Filtering] Subjects remaining: 0 (removed 2846)
OnlineSubjectDataset initialized with following configuration:
{'Total Samples': 1454358, 'Total Subjects': 2846}
[Filtering] Required windows per batch: 4
[Filtering] Required batches per block: 37
[Filtering] Required blocks per subject: 12
[Filtering] Subjects remaining: 0 (removed 2846)
OnlineSubjectDataset initialized with following configuration:
{'Total Samples': 1454358, 'Total Subjects': 2846}
[Filtering] Required windows per batch: 4
[Filtering] Required batches per block: 38
[Filtering] Required blocks per subject: 12
[Filtering] Subjects remaining: 0 (removed 2846)
OnlineSubjectDataset initialized with following configuration:
{'Total Samples': 1454358, 'Total Subjects': 2846}
[Filtering] Required windows per batch: 4
[Filtering] Required batches per block: 39
[Filtering] Required blocks per subject: 12
[Filtering] Subjects remaining: 0 (removed 2846)
OnlineSubjectDataset initialized with following configuration:
{'Total Samples': 1454358, 'Total Subjects': 2846}
[Filtering] Required windows per batch: 4
[Filtering] Required batches per block: 40
[Filtering] Required blocks per subject: 12
[Filtering] Subjects remaining: 0 (removed 2846)
OnlineSubjectDataset initialized with following configuration:
{'Total Samples': 1454358, 'Total Subjects': 2846}
[Filtering] Required windows per batch: 4
[Filtering] Required batches per block: 41
[Filtering] Required blocks per subject: 12
[Filtering] Subjects remaining: 0 (removed 2846)
[Filtering] Required blocks per subject: 2
[Filtering] Subjects remaining: 1522 (removed 1324)
OnlineSubjectDataset initialized with following configuration:
{'Total Samples': 1454358, 'Total Subjects': 2846}
[Filtering] Required windows per batch: 4
[Filtering] Required batches per block: 8
[Filtering] Required blocks per subject: 2
[Filtering] Subjects remaining: 1384 (removed 1462)
OnlineSubjectDataset initialized with following configuration:
{'Total Samples': 1454358, 'Total Subjects': 2846}
[Filtering] Required windows per batch: 4
[Filtering] Required batches per block: 9
[Filtering] Required blocks per subject: 2
[Filtering] Subjects remaining: 1248 (removed 1598)
OnlineSubjectDataset initialized with following configuration:
{'Total Samples': 1454358, 'Total Subjects': 2846}
[Filtering] Required windows per batch: 4
[Filtering] Required batches per block: 10
[Filtering] Required blocks per subject: 2
[Filtering] Subjects remaining: 1133 (removed 1713)
OnlineSubjectDataset initialized with following configuration:
{'Total Samples': 1454358, 'Total Subjects': 2846}
[Filtering] Required windows per batch: 4
[Filtering] Required batches per block: 11
[Filtering] Required blocks per subject: 2
[Filtering] Subjects remaining: 1038 (removed 1808)
OnlineSubjectDataset initialized with following configuration:
{'Total Samples': 1454358, 'Total Subjects': 2846}
[Filtering] Required windows per batch: 4
[Filtering] Required batches per block: 12
[Filtering] Required blocks per subject: 2
[Filtering] Subjects remaining: 948 (removed 1898)
OnlineSubjectDataset initialized with following configuration:
{'Total Samples': 1454358, 'Total Subjects': 2846}
[Filtering] Required windows per batch: 4
[Filtering] Required batches per block: 13
[Filtering] Required blocks per subject: 2
[Filtering] Subjects remaining: 855 (removed 1991)
OnlineSubjectDataset initialized with following configuration:
{'Total Samples': 1454358, 'Total Subjects': 2846}
[Filtering] Required windows per batch: 4
[Filtering] Required batches per block: 14
[Filtering] Required blocks per subject: 2
[Filtering] Subjects remaining: 788 (removed 2058)
OnlineSubjectDataset initialized with following configuration:
{'Total Samples': 1454358, 'Total Subjects': 2846}
[Filtering] Required windows per batch: 4
[Filtering] Required batches per block: 15
[Filtering] Required blocks per subject: 2
[Filtering] Subjects remaining: 725 (removed 2121)
OnlineSubjectDataset initialized with following configuration:
{'Total Samples': 1454358, 'Total Subjects': 2846}
[Filtering] Required windows per batch: 4
[Filtering] Required batches per block: 16
[Filtering] Required blocks per subject: 2
[Filtering] Subjects remaining: 669 (removed 2177)
OnlineSubjectDataset initialized with following configuration:
{'Total Samples': 1454358, 'Total Subjects': 2846}
[Filtering] Required windows per batch: 4
[Filtering] Required batches per block: 17
[Filtering] Required blocks per subject: 2
[Filtering] Subjects remaining: 609 (removed 2237)
OnlineSubjectDataset initialized with following configuration:
{'Total Samples': 1454358, 'Total Subjects': 2846}
[Filtering] Required windows per batch: 4
[Filtering] Required batches per block: 18
[Filtering] Required blocks per subject: 2
[Filtering] Subjects remaining: 557 (removed 2289)
OnlineSubjectDataset initialized with following configuration:
{'Total Samples': 1454358, 'Total Subjects': 2846}
[Filtering] Required windows per batch: 4
[Filtering] Required batches per block: 19
[Filtering] Required blocks per subject: 2
[Filtering] Subjects remaining: 513 (removed 2333)
OnlineSubjectDataset initialized with following configuration:
{'Total Samples': 1454358, 'Total Subjects': 2846}
[Filtering] Required windows per batch: 4
[Filtering] Required batches per block: 20
[Filtering] Required blocks per subject: 2
[Filtering] Subjects remaining: 474 (removed 2372)
OnlineSubjectDataset initialized with following configuration:
{'Total Samples': 1454358, 'Total Subjects': 2846}
[Filtering] Required windows per batch: 4
[Filtering] Required batches per block: 21
[Filtering] Required blocks per subject: 2
[Filtering] Subjects remaining: 425 (removed 2421)
OnlineSubjectDataset initialized with following configuration:
{'Total Samples': 1454358, 'Total Subjects': 2846}
[Filtering] Required windows per batch: 4
[Filtering] Required batches per block: 22
[Filtering] Required blocks per subject: 2
[Filtering] Subjects remaining: 388 (removed 2458)
OnlineSubjectDataset initialized with following configuration:
{'Total Samples': 1454358, 'Total Subjects': 2846}
[Filtering] Required windows per batch: 4
[Filtering] Required batches per block: 23
[Filtering] Required blocks per subject: 2
[Filtering] Subjects remaining: 363 (removed 2483)
OnlineSubjectDataset initialized with following configuration:
{'Total Samples': 1454358, 'Total Subjects': 2846}
[Filtering] Required windows per batch: 4
[Filtering] Required batches per block: 24
[Filtering] Required blocks per subject: 2
[Filtering] Subjects remaining: 323 (removed 2523)
OnlineSubjectDataset initialized with following configuration:
{'Total Samples': 1454358, 'Total Subjects': 2846}
[Filtering] Required windows per batch: 4
[Filtering] Required batches per block: 25
[Filtering] Required blocks per subject: 2
[Filtering] Subjects remaining: 294 (removed 2552)
OnlineSubjectDataset initialized with following configuration:
{'Total Samples': 1454358, 'Total Subjects': 2846}
[Filtering] Required windows per batch: 4
[Filtering] Required batches per block: 26
[Filtering] Required blocks per subject: 2
[Filtering] Subjects remaining: 282 (removed 2564)
OnlineSubjectDataset initialized with following configuration:
{'Total Samples': 1454358, 'Total Subjects': 2846}
[Filtering] Required windows per batch: 4
[Filtering] Required batches per block: 27
[Filtering] Required blocks per subject: 2
[Filtering] Subjects remaining: 261 (removed 2585)
OnlineSubjectDataset initialized with following configuration:
{'Total Samples': 1454358, 'Total Subjects': 2846}
[Filtering] Required windows per batch: 4
[Filtering] Required batches per block: 28
[Filtering] Required blocks per subject: 2
[Filtering] Subjects remaining: 242 (removed 2604)
OnlineSubjectDataset initialized with following configuration:
{'Total Samples': 1454358, 'Total Subjects': 2846}
[Filtering] Required windows per batch: 4
[Filtering] Required batches per block: 29
[Filtering] Required blocks per subject: 2
[Filtering] Subjects remaining: 228 (removed 2618)
OnlineSubjectDataset initialized with following configuration:
{'Total Samples': 1454358, 'Total Subjects': 2846}
[Filtering] Required windows per batch: 4
[Filtering] Required batches per block: 30
[Filtering] Required blocks per subject: 2
[Filtering] Subjects remaining: 212 (removed 2634)
OnlineSubjectDataset initialized with following configuration:
{'Total Samples': 1454358, 'Total Subjects': 2846}
[Filtering] Required windows per batch: 4
[Filtering] Required batches per block: 31
[Filtering] Required blocks per subject: 2
[Filtering] Subjects remaining: 197 (removed 2649)
OnlineSubjectDataset initialized with following configuration:
{'Total Samples': 1454358, 'Total Subjects': 2846}
[Filtering] Required windows per batch: 4
[Filtering] Required batches per block: 32
[Filtering] Required blocks per subject: 2
[Filtering] Subjects remaining: 185 (removed 2661)
OnlineSubjectDataset initialized with following configuration:
{'Total Samples': 1454358, 'Total Subjects': 2846}
[Filtering] Required windows per batch: 4
[Filtering] Required batches per block: 33
[Filtering] Required blocks per subject: 2
[Filtering] Subjects remaining: 170 (removed 2676)
OnlineSubjectDataset initialized with following configuration:
{'Total Samples': 1454358, 'Total Subjects': 2846}
[Filtering] Required windows per batch: 4
[Filtering] Required batches per block: 34
[Filtering] Required blocks per subject: 2
[Filtering] Subjects remaining: 160 (removed 2686)
OnlineSubjectDataset initialized with following configuration:
{'Total Samples': 1454358, 'Total Subjects': 2846}
[Filtering] Required windows per batch: 4
[Filtering] Subjects remaining: 5 (removed 2841)
OnlineSubjectDataset initialized with following configuration:
{'Total Samples': 1454358, 'Total Subjects': 2846}
[Filtering] Required windows per batch: 4
[Filtering] Required batches per block: 65
[Filtering] Required blocks per subject: 3
[Filtering] Subjects remaining: 4 (removed 2842)
OnlineSubjectDataset initialized with following configuration:
{'Total Samples': 1454358, 'Total Subjects': 2846}
[Filtering] Required windows per batch: 4
[Filtering] Required batches per block: 66
[Filtering] Required blocks per subject: 3
[Filtering] Subjects remaining: 4 (removed 2842)
OnlineSubjectDataset initialized with following configuration:
{'Total Samples': 1454358, 'Total Subjects': 2846}
[Filtering] Required windows per batch: 4
[Filtering] Required batches per block: 67
[Filtering] Required blocks per subject: 3
[Filtering] Subjects remaining: 4 (removed 2842)
OnlineSubjectDataset initialized with following configuration:
{'Total Samples': 1454358, 'Total Subjects': 2846}
[Filtering] Required windows per batch: 4
[Filtering] Required batches per block: 68
[Filtering] Required blocks per subject: 3
[Filtering] Subjects remaining: 4 (removed 2842)
OnlineSubjectDataset initialized with following configuration:
{'Total Samples': 1454358, 'Total Subjects': 2846}
[Filtering] Required windows per batch: 4
[Filtering] Required batches per block: 69
[Filtering] Required blocks per subject: 3
[Filtering] Subjects remaining: 3 (removed 2843)
OnlineSubjectDataset initialized with following configuration:
{'Total Samples': 1454358, 'Total Subjects': 2846}
[Filtering] Required windows per batch: 4
[Filtering] Required batches per block: 70
[Filtering] Required blocks per subject: 3
[Filtering] Subjects remaining: 3 (removed 2843)
OnlineSubjectDataset initialized with following configuration:
{'Total Samples': 1454358, 'Total Subjects': 2846}
[Filtering] Required windows per batch: 4
[Filtering] Required batches per block: 71
[Filtering] Required blocks per subject: 3
[Filtering] Subjects remaining: 3 (removed 2843)
OnlineSubjectDataset initialized with following configuration:
{'Total Samples': 1454358, 'Total Subjects': 2846}
[Filtering] Required windows per batch: 4
[Filtering] Required batches per block: 72
[Filtering] Required blocks per subject: 3
[Filtering] Subjects remaining: 3 (removed 2843)
OnlineSubjectDataset initialized with following configuration:
{'Total Samples': 1454358, 'Total Subjects': 2846}
[Filtering] Required windows per batch: 4
[Filtering] Required batches per block: 73
[Filtering] Required blocks per subject: 3
[Filtering] Subjects remaining: 3 (removed 2843)
OnlineSubjectDataset initialized with following configuration:
{'Total Samples': 1454358, 'Total Subjects': 2846}
[Filtering] Required windows per batch: 4
[Filtering] Required batches per block: 74
[Filtering] Required blocks per subject: 3
[Filtering] Subjects remaining: 3 (removed 2843)
OnlineSubjectDataset initialized with following configuration:
{'Total Samples': 1454358, 'Total Subjects': 2846}
[Filtering] Required windows per batch: 4
[Filtering] Required batches per block: 75
[Filtering] Required blocks per subject: 3
[Filtering] Subjects remaining: 3 (removed 2843)
OnlineSubjectDataset initialized with following configuration:
{'Total Samples': 1454358, 'Total Subjects': 2846}
[Filtering] Required windows per batch: 4
[Filtering] Required batches per block: 76
[Filtering] Required blocks per subject: 3
[Filtering] Subjects remaining: 3 (removed 2843)
OnlineSubjectDataset initialized with following configuration:
{'Total Samples': 1454358, 'Total Subjects': 2846}
[Filtering] Required windows per batch: 4
[Filtering] Required batches per block: 77
[Filtering] Required blocks per subject: 3
[Filtering] Subjects remaining: 2 (removed 2844)
OnlineSubjectDataset initialized with following configuration:
{'Total Samples': 1454358, 'Total Subjects': 2846}
[Filtering] Required windows per batch: 4
[Filtering] Required batches per block: 1
[Filtering] Required blocks per subject: 4
[Filtering] Subjects remaining: 2446 (removed 400)
OnlineSubjectDataset initialized with following configuration:
{'Total Samples': 1454358, 'Total Subjects': 2846}
[Filtering] Required windows per batch: 4
[Filtering] Required batches per block: 2
[Filtering] Required blocks per subject: 4
[Filtering] Subjects remaining: 2221 (removed 625)
OnlineSubjectDataset initialized with following configuration:
{'Total Samples': 1454358, 'Total Subjects': 2846}
[Filtering] Required windows per batch: 4
[Filtering] Required batches per block: 3
[Filtering] Required blocks per subject: 4
[Filtering] Subjects remaining: 1926 (removed 920)
OnlineSubjectDataset initialized with following configuration:
{'Total Samples': 1454358, 'Total Subjects': 2846}
[Filtering] Required windows per batch: 4
[Filtering] Required batches per block: 4
[Filtering] Required blocks per subject: 4
[Filtering] Subjects remaining: 1668 (removed 1178)
OnlineSubjectDataset initialized with following configuration:
{'Total Samples': 1454358, 'Total Subjects': 2846}
[Filtering] Required windows per batch: 4
[Filtering] Required batches per block: 5
[Filtering] Required blocks per subject: 4
[Filtering] Subjects remaining: 1429 (removed 1417)
OnlineSubjectDataset initialized with following configuration:
{'Total Samples': 1454358, 'Total Subjects': 2846}
[Filtering] Required windows per batch: 4
[Filtering] Required batches per block: 6
[Filtering] Required blocks per subject: 4
[Filtering] Subjects remaining: 1205 (removed 1641)
OnlineSubjectDataset initialized with following configuration:
{'Total Samples': 1454358, 'Total Subjects': 2846}
[Filtering] Required windows per batch: 4
[Filtering] Required batches per block: 7
[Filtering] Required blocks per subject: 4
[Filtering] Subjects remaining: 1037 (removed 1809)
OnlineSubjectDataset initialized with following configuration:
{'Total Samples': 1454358, 'Total Subjects': 2846}
[Filtering] Required windows per batch: 4
[Filtering] Required batches per block: 8
[Filtering] Required blocks per subject: 4
[Filtering] Subjects remaining: 866 (removed 1980)
OnlineSubjectDataset initialized with following configuration:
{'Total Samples': 1454358, 'Total Subjects': 2846}
[Filtering] Required windows per batch: 4
[Filtering] Required batches per block: 9
[Filtering] Required blocks per subject: 4
[Filtering] Subjects remaining: 728 (removed 2118)
OnlineSubjectDataset initialized with following configuration:
{'Total Samples': 1454358, 'Total Subjects': 2846}
[Filtering] Required windows per batch: 4
[Filtering] Required batches per block: 10
[Filtering] Required blocks per subject: 4
[Filtering] Subjects remaining: 635 (removed 2211)
OnlineSubjectDataset initialized with following configuration:
{'Total Samples': 1454358, 'Total Subjects': 2846}
[Filtering] Required windows per batch: 4
[Filtering] Required batches per block: 11
[Filtering] Required blocks per subject: 4
[Filtering] Subjects remaining: 538 (removed 2308)
OnlineSubjectDataset initialized with following configuration:
{'Total Samples': 1454358, 'Total Subjects': 2846}
[Filtering] Required windows per batch: 4
[Filtering] Required batches per block: 12
[Filtering] Required blocks per subject: 4
[Filtering] Subjects remaining: 459 (removed 2387)
OnlineSubjectDataset initialized with following configuration:
{'Total Samples': 1454358, 'Total Subjects': 2846}
[Filtering] Required windows per batch: 4
[Filtering] Required batches per block: 13
[Filtering] Required blocks per subject: 4
[Filtering] Subjects remaining: 398 (removed 2448)
OnlineSubjectDataset initialized with following configuration:
{'Total Samples': 1454358, 'Total Subjects': 2846}
[Filtering] Required windows per batch: 4
[Filtering] Required batches per block: 14
[Filtering] Required blocks per subject: 4
[Filtering] Subjects remaining: 336 (removed 2510)
OnlineSubjectDataset initialized with following configuration:
{'Total Samples': 1454358, 'Total Subjects': 2846}
[Filtering] Required windows per batch: 4
[Filtering] Required batches per block: 15
[Filtering] Required blocks per subject: 4
OnlineSubjectDataset initialized with following configuration:
{'Total Samples': 1454358, 'Total Subjects': 2846}
[Filtering] Required windows per batch: 4
[Filtering] Required batches per block: 59
[Filtering] Required blocks per subject: 17
[Filtering] Subjects remaining: 0 (removed 2846)
OnlineSubjectDataset initialized with following configuration:
{'Total Samples': 1454358, 'Total Subjects': 2846}
[Filtering] Required windows per batch: 4
[Filtering] Required batches per block: 60
[Filtering] Required blocks per subject: 17
[Filtering] Subjects remaining: 0 (removed 2846)
OnlineSubjectDataset initialized with following configuration:
{'Total Samples': 1454358, 'Total Subjects': 2846}
[Filtering] Required windows per batch: 4
[Filtering] Required batches per block: 61
[Filtering] Required blocks per subject: 17
[Filtering] Subjects remaining: 0 (removed 2846)
OnlineSubjectDataset initialized with following configuration:
{'Total Samples': 1454358, 'Total Subjects': 2846}
[Filtering] Required windows per batch: 4
[Filtering] Required batches per block: 62
[Filtering] Required blocks per subject: 17
[Filtering] Subjects remaining: 0 (removed 2846)
OnlineSubjectDataset initialized with following configuration:
{'Total Samples': 1454358, 'Total Subjects': 2846}
[Filtering] Required windows per batch: 4
[Filtering] Required batches per block: 63
[Filtering] Required blocks per subject: 17
[Filtering] Subjects remaining: 0 (removed 2846)
OnlineSubjectDataset initialized with following configuration:
{'Total Samples': 1454358, 'Total Subjects': 2846}
[Filtering] Required windows per batch: 4
[Filtering] Required batches per block: 64
[Filtering] Required blocks per subject: 17
[Filtering] Subjects remaining: 0 (removed 2846)
OnlineSubjectDataset initialized with following configuration:
{'Total Samples': 1454358, 'Total Subjects': 2846}
[Filtering] Required windows per batch: 4
[Filtering] Required batches per block: 65
[Filtering] Required blocks per subject: 17
[Filtering] Subjects remaining: 0 (removed 2846)
OnlineSubjectDataset initialized with following configuration:
{'Total Samples': 1454358, 'Total Subjects': 2846}
[Filtering] Required windows per batch: 4
[Filtering] Required batches per block: 66
[Filtering] Required blocks per subject: 17
[Filtering] Subjects remaining: 0 (removed 2846)
OnlineSubjectDataset initialized with following configuration:
{'Total Samples': 1454358, 'Total Subjects': 2846}
[Filtering] Required windows per batch: 4
[Filtering] Required batches per block: 67
[Filtering] Required blocks per subject: 17
[Filtering] Subjects remaining: 0 (removed 2846)
OnlineSubjectDataset initialized with following configuration:
{'Total Samples': 1454358, 'Total Subjects': 2846}
[Filtering] Required windows per batch: 4
[Filtering] Required batches per block: 68
[Filtering] Required blocks per subject: 17
[Filtering] Subjects remaining: 0 (removed 2846)
OnlineSubjectDataset initialized with following configuration:
{'Total Samples': 1454358, 'Total Subjects': 2846}
[Filtering] Required windows per batch: 4
[Filtering] Required batches per block: 69
[Filtering] Required blocks per subject: 17
[Filtering] Subjects remaining: 0 (removed 2846)
OnlineSubjectDataset initialized with following configuration:
{'Total Samples': 1454358, 'Total Subjects': 2846}
[Filtering] Required windows per batch: 4
[Filtering] Required batches per block: 70
[Filtering] Required blocks per subject: 17
[Filtering] Subjects remaining: 0 (removed 2846)
OnlineSubjectDataset initialized with following configuration:
{'Total Samples': 1454358, 'Total Subjects': 2846}
[Filtering] Required windows per batch: 4
[Filtering] Required batches per block: 71
[Filtering] Required blocks per subject: 17
[Filtering] Subjects remaining: 0 (removed 2846)
OnlineSubjectDataset initialized with following configuration:
{'Total Samples': 1454358, 'Total Subjects': 2846}
[Filtering] Required windows per batch: 4
[Filtering] Required batches per block: 72
[Filtering] Required blocks per subject: 17
[Filtering] Subjects remaining: 0 (removed 2846)
OnlineSubjectDataset initialized with following configuration:
{'Total Samples': 1454358, 'Total Subjects': 2846}
[Filtering] Required windows per batch: 4
[Filtering] Required batches per block: 73
[Filtering] Required blocks per subject: 17
[Filtering] Subjects remaining: 0 (removed 2846)
OnlineSubjectDataset initialized with following configuration:
{'Total Samples': 1454358, 'Total Subjects': 2846}
[Filtering] Required windows per batch: 4
[Filtering] Required batches per block: 74
[Filtering] Required blocks per subject: 17
[Filtering] Subjects remaining: 0 (removed 2846)
OnlineSubjectDataset initialized with following configuration:
{'Total Samples': 1454358, 'Total Subjects': 2846}
[Filtering] Required windows per batch: 4
[Filtering] Required batches per block: 75
[Filtering] Required blocks per subject: 17
[Filtering] Subjects remaining: 0 (removed 2846)
OnlineSubjectDataset initialized with following configuration:
{'Total Samples': 1454358, 'Total Subjects': 2846}
[Filtering] Required windows per batch: 4
[Filtering] Required batches per block: 76
[Filtering] Required blocks per subject: 17
[Filtering] Subjects remaining: 0 (removed 2846)
OnlineSubjectDataset initialized with following configuration:
{'Total Samples': 1454358, 'Total Subjects': 2846}
[Filtering] Required windows per batch: 4
[Filtering] Required batches per block: 77
[Filtering] Required blocks per subject: 17
[Filtering] Subjects remaining: 0 (removed 2846)
OnlineSubjectDataset initialized with following configuration:
{'Total Samples': 1454358, 'Total Subjects': 2846}
[Filtering] Required windows per batch: 4
[Filtering] Required batches per block: 1
[Filtering] Required blocks per subject: 18
[Filtering] Subjects remaining: 1720 (removed 1126)
OnlineSubjectDataset initialized with following configuration:
{'Total Samples': 1454358, 'Total Subjects': 2846}
[Filtering] Required windows per batch: 4
[Filtering] Required batches per block: 2
[Filtering] Required blocks per subject: 18
[Filtering] Subjects remaining: 985 (removed 1861)
OnlineSubjectDataset initialized with following configuration:
{'Total Samples': 1454358, 'Total Subjects': 2846}
[Filtering] Required windows per batch: 4
[Filtering] Required batches per block: 3
[Filtering] Required blocks per subject: 18
[Filtering] Subjects remaining: 476 (removed 2370)
OnlineSubjectDataset initialized with following configuration:
{'Total Samples': 1454358, 'Total Subjects': 2846}
[Filtering] Required windows per batch: 4
[Filtering] Required batches per block: 4
[Filtering] Required blocks per subject: 18
[Filtering] Subjects remaining: 214 (removed 2632)
OnlineSubjectDataset initialized with following configuration:
{'Total Samples': 1454358, 'Total Subjects': 2846}
[Filtering] Required windows per batch: 4
[Filtering] Required batches per block: 5
[Filtering] Required blocks per subject: 18
[Filtering] Subjects remaining: 100 (removed 2746)
OnlineSubjectDataset initialized with following configuration:
{'Total Samples': 1454358, 'Total Subjects': 2846}
[Filtering] Required windows per batch: 4
[Filtering] Required batches per block: 6
[Filtering] Required blocks per subject: 18
[Filtering] Subjects remaining: 47 (removed 2799)
OnlineSubjectDataset initialized with following configuration:
{'Total Samples': 1454358, 'Total Subjects': 2846}
[Filtering] Required windows per batch: 4
[Filtering] Required batches per block: 7
[Filtering] Required blocks per subject: 18
[Filtering] Subjects remaining: 22 (removed 2824)
OnlineSubjectDataset initialized with following configuration:
{'Total Samples': 1454358, 'Total Subjects': 2846}
[Filtering] Required windows per batch: 4
[Filtering] Required batches per block: 8
[Filtering] Required blocks per subject: 18
[Filtering] Subjects remaining: 8 (removed 2838)
OnlineSubjectDataset initialized with following configuration:
{'Total Samples': 1454358, 'Total Subjects': 2846}
[Filtering] Required windows per batch: 4
[Filtering] Required batches per block: 9
[Filtering] Required blocks per subject: 18
[Filtering] Subjects remaining: 6 (removed 2840)
OnlineSubjectDataset initialized with following configuration:
{'Total Samples': 1454358, 'Total Subjects': 2846}
[Filtering] Required windows per batch: 4
[Filtering] Required batches per block: 5
[Filtering] Required blocks per subject: 9
[Filtering] Subjects remaining: 653 (removed 2193)
OnlineSubjectDataset initialized with following configuration:
{'Total Samples': 1454358, 'Total Subjects': 2846}
[Filtering] Required windows per batch: 4
[Filtering] Required batches per block: 6
[Filtering] Required blocks per subject: 9
[Filtering] Subjects remaining: 461 (removed 2385)
OnlineSubjectDataset initialized with following configuration:
{'Total Samples': 1454358, 'Total Subjects': 2846}
[Filtering] Required windows per batch: 4
[Filtering] Required batches per block: 7
[Filtering] Required blocks per subject: 9
[Filtering] Subjects remaining: 317 (removed 2529)
OnlineSubjectDataset initialized with following configuration:
{'Total Samples': 1454358, 'Total Subjects': 2846}
[Filtering] Required windows per batch: 4
[Filtering] Required batches per block: 8
[Filtering] Required blocks per subject: 9
[Filtering] Subjects remaining: 220 (removed 2626)
OnlineSubjectDataset initialized with following configuration:
{'Total Samples': 1454358, 'Total Subjects': 2846}
[Filtering] Required windows per batch: 4
[Filtering] Required batches per block: 9
[Filtering] Required blocks per subject: 9
[Filtering] Subjects remaining: 153 (removed 2693)
OnlineSubjectDataset initialized with following configuration:
{'Total Samples': 1454358, 'Total Subjects': 2846}
[Filtering] Required windows per batch: 4
[Filtering] Required batches per block: 10
[Filtering] Required blocks per subject: 9
[Filtering] Subjects remaining: 112 (removed 2734)
OnlineSubjectDataset initialized with following configuration:
{'Total Samples': 1454358, 'Total Subjects': 2846}
[Filtering] Required windows per batch: 4
[Filtering] Required batches per block: 11
[Filtering] Required blocks per subject: 9
[Filtering] Subjects remaining: 84 (removed 2762)
OnlineSubjectDataset initialized with following configuration:
{'Total Samples': 1454358, 'Total Subjects': 2846}
[Filtering] Required windows per batch: 4
[Filtering] Required batches per block: 12
[Filtering] Required blocks per subject: 9
[Filtering] Subjects remaining: 61 (removed 2785)
OnlineSubjectDataset initialized with following configuration:
{'Total Samples': 1454358, 'Total Subjects': 2846}
[Filtering] Required windows per batch: 4
[Filtering] Required batches per block: 13
[Filtering] Required blocks per subject: 9
[Filtering] Subjects remaining: 33 (removed 2813)
OnlineSubjectDataset initialized with following configuration:
{'Total Samples': 1454358, 'Total Subjects': 2846}
[Filtering] Required windows per batch: 4
[Filtering] Required batches per block: 14
[Filtering] Required blocks per subject: 9
[Filtering] Subjects remaining: 22 (removed 2824)
OnlineSubjectDataset initialized with following configuration:
{'Total Samples': 1454358, 'Total Subjects': 2846}
[Filtering] Required windows per batch: 4
[Filtering] Required batches per block: 15
[Filtering] Required blocks per subject: 9
[Filtering] Subjects remaining: 12 (removed 2834)
OnlineSubjectDataset initialized with following configuration:
{'Total Samples': 1454358, 'Total Subjects': 2846}
[Filtering] Required windows per batch: 4
[Filtering] Required batches per block: 16
[Filtering] Required blocks per subject: 9
[Filtering] Subjects remaining: 9 (removed 2837)
OnlineSubjectDataset initialized with following configuration:
{'Total Samples': 1454358, 'Total Subjects': 2846}
[Filtering] Required windows per batch: 4
[Filtering] Required batches per block: 17
[Filtering] Required blocks per subject: 9
[Filtering] Subjects remaining: 7 (removed 2839)
OnlineSubjectDataset initialized with following configuration:
{'Total Samples': 1454358, 'Total Subjects': 2846}
[Filtering] Required windows per batch: 4
[Filtering] Required batches per block: 18
[Filtering] Required blocks per subject: 9
[Filtering] Subjects remaining: 6 (removed 2840)
OnlineSubjectDataset initialized with following configuration:
{'Total Samples': 1454358, 'Total Subjects': 2846}
[Filtering] Required windows per batch: 4
[Filtering] Required batches per block: 19
[Filtering] Required blocks per subject: 9
[Filtering] Subjects remaining: 5 (removed 2841)
OnlineSubjectDataset initialized with following configuration:
{'Total Samples': 1454358, 'Total Subjects': 2846}
[Filtering] Required windows per batch: 4
[Filtering] Required batches per block: 20
[Filtering] Required blocks per subject: 9
[Filtering] Subjects remaining: 3 (removed 2843)
OnlineSubjectDataset initialized with following configuration:
{'Total Samples': 1454358, 'Total Subjects': 2846}
[Filtering] Required windows per batch: 4
[Filtering] Required batches per block: 21
[Filtering] Required blocks per subject: 9
[Filtering] Subjects remaining: 3 (removed 2843)
OnlineSubjectDataset initialized with following configuration:
{'Total Samples': 1454358, 'Total Subjects': 2846}
[Filtering] Required windows per batch: 4
[Filtering] Required batches per block: 22
[Filtering] Required blocks per subject: 9
[Filtering] Subjects remaining: 1 (removed 2845)
OnlineSubjectDataset initialized with following configuration:
{'Total Samples': 1454358, 'Total Subjects': 2846}
[Filtering] Required windows per batch: 4
[Filtering] Required batches per block: 23
[Filtering] Required blocks per subject: 9
[Filtering] Subjects remaining: 1 (removed 2845)
OnlineSubjectDataset initialized with following configuration:
{'Total Samples': 1454358, 'Total Subjects': 2846}
[Filtering] Required windows per batch: 4
[Filtering] Required batches per block: 24
[Filtering] Required blocks per subject: 9
[Filtering] Subjects remaining: 1 (removed 2845)
OnlineSubjectDataset initialized with following configuration:
{'Total Samples': 1454358, 'Total Subjects': 2846}
[Filtering] Required windows per batch: 4
[Filtering] Required batches per block: 25
[Filtering] Required blocks per subject: 9
[Filtering] Subjects remaining: 1 (removed 2845)
OnlineSubjectDataset initialized with following configuration:
{'Total Samples': 1454358, 'Total Subjects': 2846}
[Filtering] Required windows per batch: 4
[Filtering] Required batches per block: 26
[Filtering] Required blocks per subject: 9
[Filtering] Subjects remaining: 1 (removed 2845)
OnlineSubjectDataset initialized with following configuration:
{'Total Samples': 1454358, 'Total Subjects': 2846}
[Filtering] Required windows per batch: 4
[Filtering] Required batches per block: 27
[Filtering] Required blocks per subject: 9
[Filtering] Subjects remaining: 1 (removed 2845)
OnlineSubjectDataset initialized with following configuration:
{'Total Samples': 1454358, 'Total Subjects': 2846}
[Filtering] Required windows per batch: 4
[Filtering] Required batches per block: 28
[Filtering] Required blocks per subject: 9
[Filtering] Subjects remaining: 1 (removed 2845)
OnlineSubjectDataset initialized with following configuration:
{'Total Samples': 1454358, 'Total Subjects': 2846}
[Filtering] Required windows per batch: 4
[Filtering] Required batches per block: 29
[Filtering] Required blocks per subject: 9
[Filtering] Subjects remaining: 1 (removed 2845)
OnlineSubjectDataset initialized with following configuration:
{'Total Samples': 1454358, 'Total Subjects': 2846}
[Filtering] Required windows per batch: 4
[Filtering] Required batches per block: 30
[Filtering] Required blocks per subject: 9
[Filtering] Subjects remaining: 1 (removed 2845)
OnlineSubjectDataset initialized with following configuration:
{'Total Samples': 1454358, 'Total Subjects': 2846}
[Filtering] Required windows per batch: 4
[Filtering] Required batches per block: 31
[Filtering] Required blocks per subject: 9
[Filtering] Subjects remaining: 0 (removed 2846)
OnlineSubjectDataset initialized with following configuration:
{'Total Samples': 1454358, 'Total Subjects': 2846}
[Filtering] Required windows per batch: 4
[Filtering] Required batches per block: 32
[Filtering] Required blocks per subject: 9
[Filtering] Subjects remaining: 0 (removed 2846)
OnlineSubjectDataset initialized with following configuration:
{'Total Samples': 1454358, 'Total Subjects': 2846}
[Filtering] Required windows per batch: 4
[Filtering] Required batches per block: 25
[Filtering] Required blocks per subject: 7
[Filtering] Subjects remaining: 5 (removed 2841)
OnlineSubjectDataset initialized with following configuration:
{'Total Samples': 1454358, 'Total Subjects': 2846}
[Filtering] Required windows per batch: 4
[Filtering] Required batches per block: 26
[Filtering] Required blocks per subject: 7
[Filtering] Subjects remaining: 3 (removed 2843)
OnlineSubjectDataset initialized with following configuration:
{'Total Samples': 1454358, 'Total Subjects': 2846}
[Filtering] Required windows per batch: 4
[Filtering] Required batches per block: 27
[Filtering] Required blocks per subject: 7
[Filtering] Subjects remaining: 3 (removed 2843)
OnlineSubjectDataset initialized with following configuration:
{'Total Samples': 1454358, 'Total Subjects': 2846}
[Filtering] Required windows per batch: 4
[Filtering] Required batches per block: 28
[Filtering] Required blocks per subject: 7
[Filtering] Subjects remaining: 3 (removed 2843)
OnlineSubjectDataset initialized with following configuration:
{'Total Samples': 1454358, 'Total Subjects': 2846}
[Filtering] Required windows per batch: 4
[Filtering] Required batches per block: 29
[Filtering] Required blocks per subject: 7
[Filtering] Subjects remaining: 3 (removed 2843)
OnlineSubjectDataset initialized with following configuration:
{'Total Samples': 1454358, 'Total Subjects': 2846}
[Filtering] Required windows per batch: 4
[Filtering] Required batches per block: 30
[Filtering] Required blocks per subject: 7
[Filtering] Subjects remaining: 2 (removed 2844)
OnlineSubjectDataset initialized with following configuration:
{'Total Samples': 1454358, 'Total Subjects': 2846}
[Filtering] Required windows per batch: 4
[Filtering] Required batches per block: 31
[Filtering] Required blocks per subject: 7
[Filtering] Subjects remaining: 2 (removed 2844)
OnlineSubjectDataset initialized with following configuration:
{'Total Samples': 1454358, 'Total Subjects': 2846}
[Filtering] Required windows per batch: 4
[Filtering] Required batches per block: 32
[Filtering] Required blocks per subject: 7
[Filtering] Subjects remaining: 2 (removed 2844)
OnlineSubjectDataset initialized with following configuration:
{'Total Samples': 1454358, 'Total Subjects': 2846}
[Filtering] Required windows per batch: 4
[Filtering] Required batches per block: 33
[Filtering] Required blocks per subject: 7
[Filtering] Subjects remaining: 2 (removed 2844)
OnlineSubjectDataset initialized with following configuration:
{'Total Samples': 1454358, 'Total Subjects': 2846}
[Filtering] Required windows per batch: 4
[Filtering] Required batches per block: 34
[Filtering] Required blocks per subject: 7
[Filtering] Subjects remaining: 1 (removed 2845)
OnlineSubjectDataset initialized with following configuration:
{'Total Samples': 1454358, 'Total Subjects': 2846}
[Filtering] Required windows per batch: 4
[Filtering] Required batches per block: 35
[Filtering] Required blocks per subject: 7
[Filtering] Subjects remaining: 1 (removed 2845)
OnlineSubjectDataset initialized with following configuration:
{'Total Samples': 1454358, 'Total Subjects': 2846}
[Filtering] Required windows per batch: 4
[Filtering] Required batches per block: 36
[Filtering] Required blocks per subject: 7
[Filtering] Subjects remaining: 1 (removed 2845)
OnlineSubjectDataset initialized with following configuration:
{'Total Samples': 1454358, 'Total Subjects': 2846}
[Filtering] Required windows per batch: 4
[Filtering] Required batches per block: 37
[Filtering] Required blocks per subject: 7
[Filtering] Subjects remaining: 1 (removed 2845)
OnlineSubjectDataset initialized with following configuration:
{'Total Samples': 1454358, 'Total Subjects': 2846}
[Filtering] Required windows per batch: 4
[Filtering] Required batches per block: 38
[Filtering] Required blocks per subject: 7
[Filtering] Subjects remaining: 1 (removed 2845)
OnlineSubjectDataset initialized with following configuration:
{'Total Samples': 1454358, 'Total Subjects': 2846}
[Filtering] Required windows per batch: 4
[Filtering] Required batches per block: 39
[Filtering] Required blocks per subject: 7
[Filtering] Subjects remaining: 1 (removed 2845)
OnlineSubjectDataset initialized with following configuration:
{'Total Samples': 1454358, 'Total Subjects': 2846}
[Filtering] Required windows per batch: 4
[Filtering] Required batches per block: 40
[Filtering] Required blocks per subject: 7
[Filtering] Subjects remaining: 0 (removed 2846)
OnlineSubjectDataset initialized with following configuration:
{'Total Samples': 1454358, 'Total Subjects': 2846}
[Filtering] Required windows per batch: 4
[Filtering] Required batches per block: 41
[Filtering] Required blocks per subject: 7
[Filtering] Subjects remaining: 0 (removed 2846)
OnlineSubjectDataset initialized with following configuration:
{'Total Samples': 1454358, 'Total Subjects': 2846}
[Filtering] Required windows per batch: 4
[Filtering] Required batches per block: 42
[Filtering] Required blocks per subject: 7
[Filtering] Subjects remaining: 0 (removed 2846)
OnlineSubjectDataset initialized with following configuration:
{'Total Samples': 1454358, 'Total Subjects': 2846}
[Filtering] Required windows per batch: 4
[Filtering] Required batches per block: 43
[Filtering] Required blocks per subject: 7
[Filtering] Subjects remaining: 0 (removed 2846)
OnlineSubjectDataset initialized with following configuration:
{'Total Samples': 1454358, 'Total Subjects': 2846}
[Filtering] Required windows per batch: 4
[Filtering] Required batches per block: 44
[Filtering] Required blocks per subject: 7
[Filtering] Subjects remaining: 0 (removed 2846)
OnlineSubjectDataset initialized with following configuration:
{'Total Samples': 1454358, 'Total Subjects': 2846}
[Filtering] Required windows per batch: 4
[Filtering] Required batches per block: 45
[Filtering] Required blocks per subject: 7
[Filtering] Subjects remaining: 0 (removed 2846)
OnlineSubjectDataset initialized with following configuration:
{'Total Samples': 1454358, 'Total Subjects': 2846}
[Filtering] Required windows per batch: 4
[Filtering] Required batches per block: 46
[Filtering] Required blocks per subject: 7
[Filtering] Subjects remaining: 0 (removed 2846)
OnlineSubjectDataset initialized with following configuration:
{'Total Samples': 1454358, 'Total Subjects': 2846}
[Filtering] Required windows per batch: 4
[Filtering] Required batches per block: 47
[Filtering] Required blocks per subject: 7
[Filtering] Subjects remaining: 0 (removed 2846)
OnlineSubjectDataset initialized with following configuration:
{'Total Samples': 1454358, 'Total Subjects': 2846}
[Filtering] Required windows per batch: 4
[Filtering] Required batches per block: 48
[Filtering] Required blocks per subject: 7
[Filtering] Subjects remaining: 0 (removed 2846)
OnlineSubjectDataset initialized with following configuration:
{'Total Samples': 1454358, 'Total Subjects': 2846}
[Filtering] Required windows per batch: 4
[Filtering] Required batches per block: 49
[Filtering] Required blocks per subject: 7
[Filtering] Subjects remaining: 0 (removed 2846)
OnlineSubjectDataset initialized with following configuration:
{'Total Samples': 1454358, 'Total Subjects': 2846}
[Filtering] Required windows per batch: 4
[Filtering] Required batches per block: 50
[Filtering] Required blocks per subject: 7
[Filtering] Subjects remaining: 0 (removed 2846)
OnlineSubjectDataset initialized with following configuration:
{'Total Samples': 1454358, 'Total Subjects': 2846}
[Filtering] Required windows per batch: 4
[Filtering] Required batches per block: 51
[Filtering] Required blocks per subject: 7
[Filtering] Subjects remaining: 0 (removed 2846)
OnlineSubjectDataset initialized with following configuration:
{'Total Samples': 1454358, 'Total Subjects': 2846}
[Filtering] Required windows per batch: 4
[Filtering] Required batches per block: 52
[Filtering] Required blocks per subject: 7
[Filtering] Subjects remaining: 0 (removed 2846)
OnlineSubjectDataset initialized with following configuration:
{'Total Samples': 1454358, 'Total Subjects': 2846}
[Filtering] Required windows per batch: 4
[Filtering] Required batches per block: 42
[Filtering] Required blocks per subject: 12
[Filtering] Subjects remaining: 0 (removed 2846)
OnlineSubjectDataset initialized with following configuration:
{'Total Samples': 1454358, 'Total Subjects': 2846}
[Filtering] Required windows per batch: 4
[Filtering] Required batches per block: 43
[Filtering] Required blocks per subject: 12
[Filtering] Subjects remaining: 0 (removed 2846)
OnlineSubjectDataset initialized with following configuration:
{'Total Samples': 1454358, 'Total Subjects': 2846}
[Filtering] Required windows per batch: 4
[Filtering] Required batches per block: 44
[Filtering] Required blocks per subject: 12
[Filtering] Subjects remaining: 0 (removed 2846)
OnlineSubjectDataset initialized with following configuration:
{'Total Samples': 1454358, 'Total Subjects': 2846}
[Filtering] Required windows per batch: 4
[Filtering] Required batches per block: 45
[Filtering] Required blocks per subject: 12
[Filtering] Subjects remaining: 0 (removed 2846)
OnlineSubjectDataset initialized with following configuration:
{'Total Samples': 1454358, 'Total Subjects': 2846}
[Filtering] Required windows per batch: 4
[Filtering] Required batches per block: 46
[Filtering] Required blocks per subject: 12
[Filtering] Subjects remaining: 0 (removed 2846)
OnlineSubjectDataset initialized with following configuration:
{'Total Samples': 1454358, 'Total Subjects': 2846}
[Filtering] Required windows per batch: 4
[Filtering] Required batches per block: 47
[Filtering] Required blocks per subject: 12
[Filtering] Subjects remaining: 0 (removed 2846)
OnlineSubjectDataset initialized with following configuration:
{'Total Samples': 1454358, 'Total Subjects': 2846}
[Filtering] Required windows per batch: 4
[Filtering] Required batches per block: 48
[Filtering] Required blocks per subject: 12
[Filtering] Subjects remaining: 0 (removed 2846)
OnlineSubjectDataset initialized with following configuration:
{'Total Samples': 1454358, 'Total Subjects': 2846}
[Filtering] Required windows per batch: 4
[Filtering] Required batches per block: 49
[Filtering] Required blocks per subject: 12
[Filtering] Subjects remaining: 0 (removed 2846)
OnlineSubjectDataset initialized with following configuration:
{'Total Samples': 1454358, 'Total Subjects': 2846}
[Filtering] Required windows per batch: 4
[Filtering] Required batches per block: 50
[Filtering] Required blocks per subject: 12
[Filtering] Subjects remaining: 0 (removed 2846)
OnlineSubjectDataset initialized with following configuration:
{'Total Samples': 1454358, 'Total Subjects': 2846}
[Filtering] Required windows per batch: 4
[Filtering] Required batches per block: 51
[Filtering] Required blocks per subject: 12
[Filtering] Subjects remaining: 0 (removed 2846)
OnlineSubjectDataset initialized with following configuration:
{'Total Samples': 1454358, 'Total Subjects': 2846}
[Filtering] Required windows per batch: 4
[Filtering] Required batches per block: 52
[Filtering] Required blocks per subject: 12
[Filtering] Subjects remaining: 0 (removed 2846)
OnlineSubjectDataset initialized with following configuration:
{'Total Samples': 1454358, 'Total Subjects': 2846}
[Filtering] Required windows per batch: 4
[Filtering] Required batches per block: 53
[Filtering] Required blocks per subject: 12
[Filtering] Subjects remaining: 0 (removed 2846)
OnlineSubjectDataset initialized with following configuration:
{'Total Samples': 1454358, 'Total Subjects': 2846}
[Filtering] Required windows per batch: 4
[Filtering] Required batches per block: 54
[Filtering] Required blocks per subject: 12
[Filtering] Subjects remaining: 0 (removed 2846)
OnlineSubjectDataset initialized with following configuration:
{'Total Samples': 1454358, 'Total Subjects': 2846}
[Filtering] Required windows per batch: 4
[Filtering] Required batches per block: 55
[Filtering] Required blocks per subject: 12
[Filtering] Subjects remaining: 0 (removed 2846)
OnlineSubjectDataset initialized with following configuration:
{'Total Samples': 1454358, 'Total Subjects': 2846}
[Filtering] Required windows per batch: 4
[Filtering] Required batches per block: 56
[Filtering] Required blocks per subject: 12
[Filtering] Subjects remaining: 0 (removed 2846)
OnlineSubjectDataset initialized with following configuration:
{'Total Samples': 1454358, 'Total Subjects': 2846}
[Filtering] Required windows per batch: 4
[Filtering] Required batches per block: 57
[Filtering] Required blocks per subject: 12
[Filtering] Subjects remaining: 0 (removed 2846)
OnlineSubjectDataset initialized with following configuration:
{'Total Samples': 1454358, 'Total Subjects': 2846}
[Filtering] Required windows per batch: 4
[Filtering] Required batches per block: 58
[Filtering] Required blocks per subject: 12
[Filtering] Subjects remaining: 0 (removed 2846)
OnlineSubjectDataset initialized with following configuration:
{'Total Samples': 1454358, 'Total Subjects': 2846}
[Filtering] Required windows per batch: 4
[Filtering] Required batches per block: 59
[Filtering] Required blocks per subject: 12
[Filtering] Subjects remaining: 0 (removed 2846)
OnlineSubjectDataset initialized with following configuration:
{'Total Samples': 1454358, 'Total Subjects': 2846}
[Filtering] Required windows per batch: 4
[Filtering] Required batches per block: 60
[Filtering] Required blocks per subject: 12
[Filtering] Subjects remaining: 0 (removed 2846)
OnlineSubjectDataset initialized with following configuration:
{'Total Samples': 1454358, 'Total Subjects': 2846}
[Filtering] Required windows per batch: 4
[Filtering] Required batches per block: 61
[Filtering] Required blocks per subject: 12
[Filtering] Subjects remaining: 0 (removed 2846)
OnlineSubjectDataset initialized with following configuration:
{'Total Samples': 1454358, 'Total Subjects': 2846}
[Filtering] Required windows per batch: 4
[Filtering] Required batches per block: 62
[Filtering] Required blocks per subject: 12
[Filtering] Subjects remaining: 0 (removed 2846)
OnlineSubjectDataset initialized with following configuration:
{'Total Samples': 1454358, 'Total Subjects': 2846}
[Filtering] Required windows per batch: 4
[Filtering] Required batches per block: 63
[Filtering] Required blocks per subject: 12
[Filtering] Subjects remaining: 0 (removed 2846)
OnlineSubjectDataset initialized with following configuration:
{'Total Samples': 1454358, 'Total Subjects': 2846}
[Filtering] Required windows per batch: 4
[Filtering] Required batches per block: 64
[Filtering] Required blocks per subject: 12
[Filtering] Subjects remaining: 0 (removed 2846)
OnlineSubjectDataset initialized with following configuration:
{'Total Samples': 1454358, 'Total Subjects': 2846}
[Filtering] Required windows per batch: 4
[Filtering] Required batches per block: 65
[Filtering] Required blocks per subject: 12
[Filtering] Subjects remaining: 0 (removed 2846)
OnlineSubjectDataset initialized with following configuration:
{'Total Samples': 1454358, 'Total Subjects': 2846}
[Filtering] Required windows per batch: 4
[Filtering] Required batches per block: 66
[Filtering] Required blocks per subject: 12
[Filtering] Subjects remaining: 0 (removed 2846)
OnlineSubjectDataset initialized with following configuration:
{'Total Samples': 1454358, 'Total Subjects': 2846}
[Filtering] Required windows per batch: 4
[Filtering] Required batches per block: 67
[Filtering] Required blocks per subject: 12
[Filtering] Subjects remaining: 0 (removed 2846)
OnlineSubjectDataset initialized with following configuration:
{'Total Samples': 1454358, 'Total Subjects': 2846}
[Filtering] Required windows per batch: 4
[Filtering] Required batches per block: 68
[Filtering] Required blocks per subject: 12
[Filtering] Subjects remaining: 0 (removed 2846)
OnlineSubjectDataset initialized with following configuration:
{'Total Samples': 1454358, 'Total Subjects': 2846}
[Filtering] Required windows per batch: 4
[Filtering] Required batches per block: 69
[Filtering] Required blocks per subject: 12
[Filtering] Subjects remaining: 0 (removed 2846)
OnlineSubjectDataset initialized with following configuration:
{'Total Samples': 1454358, 'Total Subjects': 2846}
[Filtering] Required windows per batch: 4
[Filtering] Required batches per block: 22
[Filtering] Required blocks per subject: 14
[Filtering] Subjects remaining: 0 (removed 2846)
OnlineSubjectDataset initialized with following configuration:
{'Total Samples': 1454358, 'Total Subjects': 2846}
[Filtering] Required windows per batch: 4
[Filtering] Required batches per block: 23
[Filtering] Required blocks per subject: 14
[Filtering] Subjects remaining: 0 (removed 2846)
OnlineSubjectDataset initialized with following configuration:
{'Total Samples': 1454358, 'Total Subjects': 2846}
[Filtering] Required windows per batch: 4
[Filtering] Required batches per block: 24
[Filtering] Required blocks per subject: 14
[Filtering] Subjects remaining: 0 (removed 2846)
OnlineSubjectDataset initialized with following configuration:
{'Total Samples': 1454358, 'Total Subjects': 2846}
[Filtering] Required windows per batch: 4
[Filtering] Required batches per block: 25
[Filtering] Required blocks per subject: 14
[Filtering] Subjects remaining: 0 (removed 2846)
OnlineSubjectDataset initialized with following configuration:
{'Total Samples': 1454358, 'Total Subjects': 2846}
[Filtering] Required windows per batch: 4
[Filtering] Required batches per block: 26
[Filtering] Required blocks per subject: 14
[Filtering] Subjects remaining: 0 (removed 2846)
OnlineSubjectDataset initialized with following configuration:
{'Total Samples': 1454358, 'Total Subjects': 2846}
[Filtering] Required windows per batch: 4
[Filtering] Required batches per block: 27
[Filtering] Required blocks per subject: 14
[Filtering] Subjects remaining: 0 (removed 2846)
OnlineSubjectDataset initialized with following configuration:
{'Total Samples': 1454358, 'Total Subjects': 2846}
[Filtering] Required windows per batch: 4
[Filtering] Required batches per block: 28
[Filtering] Required blocks per subject: 14
[Filtering] Subjects remaining: 0 (removed 2846)
OnlineSubjectDataset initialized with following configuration:
{'Total Samples': 1454358, 'Total Subjects': 2846}
[Filtering] Required windows per batch: 4
[Filtering] Required batches per block: 29
[Filtering] Required blocks per subject: 14
[Filtering] Subjects remaining: 0 (removed 2846)
OnlineSubjectDataset initialized with following configuration:
{'Total Samples': 1454358, 'Total Subjects': 2846}
[Filtering] Required windows per batch: 4
[Filtering] Required batches per block: 30
[Filtering] Required blocks per subject: 14
[Filtering] Subjects remaining: 0 (removed 2846)
OnlineSubjectDataset initialized with following configuration:
{'Total Samples': 1454358, 'Total Subjects': 2846}
[Filtering] Required windows per batch: 4
[Filtering] Required batches per block: 31
[Filtering] Required blocks per subject: 14
[Filtering] Subjects remaining: 0 (removed 2846)
OnlineSubjectDataset initialized with following configuration:
{'Total Samples': 1454358, 'Total Subjects': 2846}
[Filtering] Required windows per batch: 4
[Filtering] Required batches per block: 32
[Filtering] Required blocks per subject: 14
[Filtering] Subjects remaining: 0 (removed 2846)
OnlineSubjectDataset initialized with following configuration:
{'Total Samples': 1454358, 'Total Subjects': 2846}
[Filtering] Required windows per batch: 4
[Filtering] Required batches per block: 33
[Filtering] Required blocks per subject: 14
[Filtering] Subjects remaining: 0 (removed 2846)
OnlineSubjectDataset initialized with following configuration:
{'Total Samples': 1454358, 'Total Subjects': 2846}
[Filtering] Required windows per batch: 4
[Filtering] Required batches per block: 34
[Filtering] Required blocks per subject: 14
[Filtering] Subjects remaining: 0 (removed 2846)
OnlineSubjectDataset initialized with following configuration:
{'Total Samples': 1454358, 'Total Subjects': 2846}
[Filtering] Required windows per batch: 4
[Filtering] Required batches per block: 35
[Filtering] Required blocks per subject: 14
[Filtering] Subjects remaining: 0 (removed 2846)
OnlineSubjectDataset initialized with following configuration:
{'Total Samples': 1454358, 'Total Subjects': 2846}
[Filtering] Required windows per batch: 4
[Filtering] Required batches per block: 36
[Filtering] Required blocks per subject: 14
[Filtering] Subjects remaining: 0 (removed 2846)
OnlineSubjectDataset initialized with following configuration:
{'Total Samples': 1454358, 'Total Subjects': 2846}
[Filtering] Required windows per batch: 4
[Filtering] Required batches per block: 37
[Filtering] Required blocks per subject: 14
[Filtering] Subjects remaining: 0 (removed 2846)
OnlineSubjectDataset initialized with following configuration:
{'Total Samples': 1454358, 'Total Subjects': 2846}
[Filtering] Required windows per batch: 4
[Filtering] Required batches per block: 38
[Filtering] Required blocks per subject: 14
[Filtering] Subjects remaining: 0 (removed 2846)
OnlineSubjectDataset initialized with following configuration:
{'Total Samples': 1454358, 'Total Subjects': 2846}
[Filtering] Required windows per batch: 4
[Filtering] Required batches per block: 39
[Filtering] Required blocks per subject: 14
[Filtering] Subjects remaining: 0 (removed 2846)
OnlineSubjectDataset initialized with following configuration:
{'Total Samples': 1454358, 'Total Subjects': 2846}
[Filtering] Required windows per batch: 4
[Filtering] Required batches per block: 40
[Filtering] Required blocks per subject: 14
[Filtering] Subjects remaining: 0 (removed 2846)
OnlineSubjectDataset initialized with following configuration:
{'Total Samples': 1454358, 'Total Subjects': 2846}
[Filtering] Required windows per batch: 4
[Filtering] Required batches per block: 41
[Filtering] Required blocks per subject: 14
[Filtering] Subjects remaining: 0 (removed 2846)
OnlineSubjectDataset initialized with following configuration:
{'Total Samples': 1454358, 'Total Subjects': 2846}
[Filtering] Required windows per batch: 4
[Filtering] Required batches per block: 42
[Filtering] Required blocks per subject: 14
[Filtering] Subjects remaining: 0 (removed 2846)
OnlineSubjectDataset initialized with following configuration:
{'Total Samples': 1454358, 'Total Subjects': 2846}
[Filtering] Required windows per batch: 4
[Filtering] Required batches per block: 43
[Filtering] Required blocks per subject: 14
[Filtering] Subjects remaining: 0 (removed 2846)
OnlineSubjectDataset initialized with following configuration:
{'Total Samples': 1454358, 'Total Subjects': 2846}
[Filtering] Required windows per batch: 4
[Filtering] Required batches per block: 44
[Filtering] Required blocks per subject: 14
[Filtering] Subjects remaining: 0 (removed 2846)
OnlineSubjectDataset initialized with following configuration:
{'Total Samples': 1454358, 'Total Subjects': 2846}
[Filtering] Required windows per batch: 4
[Filtering] Required batches per block: 45
[Filtering] Required blocks per subject: 14
[Filtering] Subjects remaining: 0 (removed 2846)
OnlineSubjectDataset initialized with following configuration:
{'Total Samples': 1454358, 'Total Subjects': 2846}
[Filtering] Required windows per batch: 4
[Filtering] Required batches per block: 46
[Filtering] Required blocks per subject: 14
[Filtering] Subjects remaining: 0 (removed 2846)
OnlineSubjectDataset initialized with following configuration:
{'Total Samples': 1454358, 'Total Subjects': 2846}
[Filtering] Required windows per batch: 4
[Filtering] Required batches per block: 47
[Filtering] Required blocks per subject: 14
[Filtering] Subjects remaining: 0 (removed 2846)
OnlineSubjectDataset initialized with following configuration:
{'Total Samples': 1454358, 'Total Subjects': 2846}
[Filtering] Required windows per batch: 4
[Filtering] Required batches per block: 48
[Filtering] Required blocks per subject: 14
[Filtering] Subjects remaining: 0 (removed 2846)
OnlineSubjectDataset initialized with following configuration:
{'Total Samples': 1454358, 'Total Subjects': 2846}
[Filtering] Required windows per batch: 4
[Filtering] Required batches per block: 49
[Filtering] Required blocks per subject: 14
[Filtering] Subjects remaining: 0 (removed 2846)
OnlineSubjectDataset initialized with following configuration:
{'Total Samples': 1454358, 'Total Subjects': 2846}
[Filtering] Required windows per batch: 4
[Filtering] Required batches per block: 62
[Filtering] Required blocks per subject: 10
[Filtering] Subjects remaining: 0 (removed 2846)
OnlineSubjectDataset initialized with following configuration:
{'Total Samples': 1454358, 'Total Subjects': 2846}
[Filtering] Required windows per batch: 4
[Filtering] Required batches per block: 63
[Filtering] Required blocks per subject: 10
[Filtering] Subjects remaining: 0 (removed 2846)
OnlineSubjectDataset initialized with following configuration:
{'Total Samples': 1454358, 'Total Subjects': 2846}
[Filtering] Required windows per batch: 4
[Filtering] Required batches per block: 64
[Filtering] Required blocks per subject: 10
[Filtering] Subjects remaining: 0 (removed 2846)
OnlineSubjectDataset initialized with following configuration:
{'Total Samples': 1454358, 'Total Subjects': 2846}
[Filtering] Required windows per batch: 4
[Filtering] Required batches per block: 65
[Filtering] Required blocks per subject: 10
[Filtering] Subjects remaining: 0 (removed 2846)
OnlineSubjectDataset initialized with following configuration:
{'Total Samples': 1454358, 'Total Subjects': 2846}
[Filtering] Required windows per batch: 4
[Filtering] Required batches per block: 66
[Filtering] Required blocks per subject: 10
[Filtering] Subjects remaining: 0 (removed 2846)
OnlineSubjectDataset initialized with following configuration:
{'Total Samples': 1454358, 'Total Subjects': 2846}
[Filtering] Required windows per batch: 4
[Filtering] Required batches per block: 67
[Filtering] Required blocks per subject: 10
[Filtering] Subjects remaining: 0 (removed 2846)
OnlineSubjectDataset initialized with following configuration:
{'Total Samples': 1454358, 'Total Subjects': 2846}
[Filtering] Required windows per batch: 4
[Filtering] Required batches per block: 68
[Filtering] Required blocks per subject: 10
[Filtering] Subjects remaining: 0 (removed 2846)
OnlineSubjectDataset initialized with following configuration:
{'Total Samples': 1454358, 'Total Subjects': 2846}
[Filtering] Required windows per batch: 4
[Filtering] Required batches per block: 69
[Filtering] Required blocks per subject: 10
[Filtering] Subjects remaining: 0 (removed 2846)
OnlineSubjectDataset initialized with following configuration:
{'Total Samples': 1454358, 'Total Subjects': 2846}
[Filtering] Required windows per batch: 4
[Filtering] Required batches per block: 70
[Filtering] Required blocks per subject: 10
[Filtering] Subjects remaining: 0 (removed 2846)
OnlineSubjectDataset initialized with following configuration:
{'Total Samples': 1454358, 'Total Subjects': 2846}
[Filtering] Required windows per batch: 4
[Filtering] Required batches per block: 71
[Filtering] Required blocks per subject: 10
[Filtering] Subjects remaining: 0 (removed 2846)
OnlineSubjectDataset initialized with following configuration:
{'Total Samples': 1454358, 'Total Subjects': 2846}
[Filtering] Required windows per batch: 4
[Filtering] Required batches per block: 72
[Filtering] Required blocks per subject: 10
[Filtering] Subjects remaining: 0 (removed 2846)
OnlineSubjectDataset initialized with following configuration:
{'Total Samples': 1454358, 'Total Subjects': 2846}
[Filtering] Required windows per batch: 4
[Filtering] Required batches per block: 73
[Filtering] Required blocks per subject: 10
[Filtering] Subjects remaining: 0 (removed 2846)
OnlineSubjectDataset initialized with following configuration:
{'Total Samples': 1454358, 'Total Subjects': 2846}
[Filtering] Required windows per batch: 4
[Filtering] Required batches per block: 74
[Filtering] Required blocks per subject: 10
[Filtering] Subjects remaining: 0 (removed 2846)
OnlineSubjectDataset initialized with following configuration:
{'Total Samples': 1454358, 'Total Subjects': 2846}
[Filtering] Required windows per batch: 4
[Filtering] Required batches per block: 75
[Filtering] Required blocks per subject: 10
[Filtering] Subjects remaining: 0 (removed 2846)
OnlineSubjectDataset initialized with following configuration:
{'Total Samples': 1454358, 'Total Subjects': 2846}
[Filtering] Required windows per batch: 4
[Filtering] Required batches per block: 76
[Filtering] Required blocks per subject: 10
[Filtering] Subjects remaining: 0 (removed 2846)
OnlineSubjectDataset initialized with following configuration:
{'Total Samples': 1454358, 'Total Subjects': 2846}
[Filtering] Required windows per batch: 4
[Filtering] Required batches per block: 77
[Filtering] Required blocks per subject: 10
[Filtering] Subjects remaining: 0 (removed 2846)
OnlineSubjectDataset initialized with following configuration:
{'Total Samples': 1454358, 'Total Subjects': 2846}
[Filtering] Required windows per batch: 4
[Filtering] Required batches per block: 1
[Filtering] Required blocks per subject: 11
[Filtering] Subjects remaining: 2132 (removed 714)
OnlineSubjectDataset initialized with following configuration:
{'Total Samples': 1454358, 'Total Subjects': 2846}
[Filtering] Required windows per batch: 4
[Filtering] Required batches per block: 2
[Filtering] Required blocks per subject: 11
[Filtering] Subjects remaining: 1541 (removed 1305)
OnlineSubjectDataset initialized with following configuration:
{'Total Samples': 1454358, 'Total Subjects': 2846}
[Filtering] Required windows per batch: 4
[Filtering] Required batches per block: 3
[Filtering] Required blocks per subject: 11
[Filtering] Subjects remaining: 1059 (removed 1787)
OnlineSubjectDataset initialized with following configuration:
{'Total Samples': 1454358, 'Total Subjects': 2846}
[Filtering] Required windows per batch: 4
[Filtering] Required batches per block: 4
[Filtering] Required blocks per subject: 11
[Filtering] Subjects remaining: 691 (removed 2155)
OnlineSubjectDataset initialized with following configuration:
{'Total Samples': 1454358, 'Total Subjects': 2846}
[Filtering] Required windows per batch: 4
[Filtering] Required batches per block: 5
[Filtering] Required blocks per subject: 11
[Filtering] Subjects remaining: 449 (removed 2397)
OnlineSubjectDataset initialized with following configuration:
{'Total Samples': 1454358, 'Total Subjects': 2846}
[Filtering] Required windows per batch: 4
[Filtering] Required batches per block: 6
[Filtering] Required blocks per subject: 11
[Filtering] Subjects remaining: 288 (removed 2558)
OnlineSubjectDataset initialized with following configuration:
{'Total Samples': 1454358, 'Total Subjects': 2846}
[Filtering] Required windows per batch: 4
[Filtering] Required batches per block: 7
[Filtering] Required blocks per subject: 11
[Filtering] Subjects remaining: 174 (removed 2672)
OnlineSubjectDataset initialized with following configuration:
{'Total Samples': 1454358, 'Total Subjects': 2846}
[Filtering] Required windows per batch: 4
[Filtering] Required batches per block: 8
[Filtering] Required blocks per subject: 11
[Filtering] Subjects remaining: 126 (removed 2720)
OnlineSubjectDataset initialized with following configuration:
{'Total Samples': 1454358, 'Total Subjects': 2846}
[Filtering] Required windows per batch: 4
[Filtering] Required batches per block: 9
[Filtering] Required blocks per subject: 11
[Filtering] Subjects remaining: 79 (removed 2767)
OnlineSubjectDataset initialized with following configuration:
{'Total Samples': 1454358, 'Total Subjects': 2846}
[Filtering] Required windows per batch: 4
[Filtering] Required batches per block: 10
[Filtering] Required blocks per subject: 11
[Filtering] Subjects remaining: 53 (removed 2793)
OnlineSubjectDataset initialized with following configuration:
{'Total Samples': 1454358, 'Total Subjects': 2846}
[Filtering] Required windows per batch: 4
[Filtering] Required batches per block: 11
[Filtering] Required blocks per subject: 11
[Filtering] Subjects remaining: 24 (removed 2822)
OnlineSubjectDataset initialized with following configuration:
{'Total Samples': 1454358, 'Total Subjects': 2846}
[Filtering] Required windows per batch: 4
[Filtering] Required batches per block: 12
[Filtering] Required blocks per subject: 11
[Filtering] Subjects remaining: 16 (removed 2830)
OnlineSubjectDataset initialized with following configuration:
{'Total Samples': 1454358, 'Total Subjects': 2846}
[Filtering] Required windows per batch: 4
[Filtering] Required batches per block: 19
[Filtering] Required blocks per subject: 21
[Filtering] Subjects remaining: 0 (removed 2846)
OnlineSubjectDataset initialized with following configuration:
{'Total Samples': 1454358, 'Total Subjects': 2846}
[Filtering] Required windows per batch: 4
[Filtering] Required batches per block: 20
[Filtering] Required blocks per subject: 21
[Filtering] Subjects remaining: 0 (removed 2846)
OnlineSubjectDataset initialized with following configuration:
{'Total Samples': 1454358, 'Total Subjects': 2846}
[Filtering] Required windows per batch: 4
[Filtering] Required batches per block: 21
[Filtering] Required blocks per subject: 21
[Filtering] Subjects remaining: 0 (removed 2846)
OnlineSubjectDataset initialized with following configuration:
{'Total Samples': 1454358, 'Total Subjects': 2846}
[Filtering] Required windows per batch: 4
[Filtering] Required batches per block: 22
[Filtering] Required blocks per subject: 21
[Filtering] Subjects remaining: 0 (removed 2846)
OnlineSubjectDataset initialized with following configuration:
{'Total Samples': 1454358, 'Total Subjects': 2846}
[Filtering] Required windows per batch: 4
[Filtering] Required batches per block: 23
[Filtering] Required blocks per subject: 21
[Filtering] Subjects remaining: 0 (removed 2846)
OnlineSubjectDataset initialized with following configuration:
{'Total Samples': 1454358, 'Total Subjects': 2846}
[Filtering] Required windows per batch: 4
[Filtering] Required batches per block: 24
[Filtering] Required blocks per subject: 21
[Filtering] Subjects remaining: 0 (removed 2846)
OnlineSubjectDataset initialized with following configuration:
{'Total Samples': 1454358, 'Total Subjects': 2846}
[Filtering] Required windows per batch: 4
[Filtering] Required batches per block: 25
[Filtering] Required blocks per subject: 21
[Filtering] Subjects remaining: 0 (removed 2846)
OnlineSubjectDataset initialized with following configuration:
{'Total Samples': 1454358, 'Total Subjects': 2846}
[Filtering] Required windows per batch: 4
[Filtering] Required batches per block: 26
[Filtering] Required blocks per subject: 21
[Filtering] Subjects remaining: 0 (removed 2846)
OnlineSubjectDataset initialized with following configuration:
{'Total Samples': 1454358, 'Total Subjects': 2846}
[Filtering] Required windows per batch: 4
[Filtering] Required batches per block: 27
[Filtering] Required blocks per subject: 21
[Filtering] Subjects remaining: 0 (removed 2846)
OnlineSubjectDataset initialized with following configuration:
{'Total Samples': 1454358, 'Total Subjects': 2846}
[Filtering] Required windows per batch: 4
[Filtering] Required batches per block: 28
[Filtering] Required blocks per subject: 21
[Filtering] Subjects remaining: 0 (removed 2846)
OnlineSubjectDataset initialized with following configuration:
{'Total Samples': 1454358, 'Total Subjects': 2846}
[Filtering] Required windows per batch: 4
[Filtering] Required batches per block: 29
[Filtering] Required blocks per subject: 21
[Filtering] Subjects remaining: 0 (removed 2846)
OnlineSubjectDataset initialized with following configuration:
{'Total Samples': 1454358, 'Total Subjects': 2846}
[Filtering] Required windows per batch: 4
[Filtering] Required batches per block: 30
[Filtering] Required blocks per subject: 21
[Filtering] Subjects remaining: 0 (removed 2846)
OnlineSubjectDataset initialized with following configuration:
{'Total Samples': 1454358, 'Total Subjects': 2846}
[Filtering] Required windows per batch: 4
[Filtering] Required batches per block: 31
[Filtering] Required blocks per subject: 21
[Filtering] Subjects remaining: 0 (removed 2846)
OnlineSubjectDataset initialized with following configuration:
{'Total Samples': 1454358, 'Total Subjects': 2846}
[Filtering] Required windows per batch: 4
[Filtering] Required batches per block: 32
[Filtering] Required blocks per subject: 21
[Filtering] Subjects remaining: 0 (removed 2846)
OnlineSubjectDataset initialized with following configuration:
{'Total Samples': 1454358, 'Total Subjects': 2846}
[Filtering] Required windows per batch: 4
[Filtering] Required batches per block: 33
[Filtering] Required blocks per subject: 21
[Filtering] Subjects remaining: 0 (removed 2846)
OnlineSubjectDataset initialized with following configuration:
{'Total Samples': 1454358, 'Total Subjects': 2846}
[Filtering] Required windows per batch: 4
[Filtering] Required batches per block: 34
[Filtering] Required blocks per subject: 21
[Filtering] Subjects remaining: 0 (removed 2846)
OnlineSubjectDataset initialized with following configuration:
{'Total Samples': 1454358, 'Total Subjects': 2846}
[Filtering] Required windows per batch: 4
[Filtering] Required batches per block: 35
[Filtering] Required blocks per subject: 21
[Filtering] Subjects remaining: 0 (removed 2846)
OnlineSubjectDataset initialized with following configuration:
{'Total Samples': 1454358, 'Total Subjects': 2846}
[Filtering] Required windows per batch: 4
[Filtering] Required batches per block: 36
[Filtering] Required blocks per subject: 21
[Filtering] Subjects remaining: 0 (removed 2846)
OnlineSubjectDataset initialized with following configuration:
{'Total Samples': 1454358, 'Total Subjects': 2846}
[Filtering] Required windows per batch: 4
[Filtering] Required batches per block: 37
[Filtering] Required blocks per subject: 21
[Filtering] Subjects remaining: 0 (removed 2846)
OnlineSubjectDataset initialized with following configuration:
{'Total Samples': 1454358, 'Total Subjects': 2846}
[Filtering] Required windows per batch: 4
[Filtering] Required batches per block: 38
[Filtering] Required blocks per subject: 21
[Filtering] Subjects remaining: 0 (removed 2846)
OnlineSubjectDataset initialized with following configuration:
{'Total Samples': 1454358, 'Total Subjects': 2846}
[Filtering] Required windows per batch: 4
[Filtering] Required batches per block: 39
[Filtering] Required blocks per subject: 21
[Filtering] Subjects remaining: 0 (removed 2846)
OnlineSubjectDataset initialized with following configuration:
{'Total Samples': 1454358, 'Total Subjects': 2846}
[Filtering] Required windows per batch: 4
[Filtering] Required batches per block: 40
[Filtering] Required blocks per subject: 21
[Filtering] Subjects remaining: 0 (removed 2846)
OnlineSubjectDataset initialized with following configuration:
{'Total Samples': 1454358, 'Total Subjects': 2846}
[Filtering] Required windows per batch: 4
[Filtering] Required batches per block: 41
[Filtering] Required blocks per subject: 21
[Filtering] Subjects remaining: 0 (removed 2846)
OnlineSubjectDataset initialized with following configuration:
{'Total Samples': 1454358, 'Total Subjects': 2846}
[Filtering] Required windows per batch: 4
[Filtering] Required batches per block: 42
[Filtering] Required blocks per subject: 21
[Filtering] Subjects remaining: 0 (removed 2846)
OnlineSubjectDataset initialized with following configuration:
{'Total Samples': 1454358, 'Total Subjects': 2846}
[Filtering] Required windows per batch: 4
[Filtering] Required batches per block: 43
[Filtering] Required blocks per subject: 21
[Filtering] Subjects remaining: 0 (removed 2846)
OnlineSubjectDataset initialized with following configuration:
{'Total Samples': 1454358, 'Total Subjects': 2846}
[Filtering] Required windows per batch: 4
[Filtering] Required batches per block: 44
[Filtering] Required blocks per subject: 21
[Filtering] Subjects remaining: 0 (removed 2846)
OnlineSubjectDataset initialized with following configuration:
{'Total Samples': 1454358, 'Total Subjects': 2846}
[Filtering] Required windows per batch: 4
[Filtering] Required batches per block: 45
[Filtering] Required blocks per subject: 21
[Filtering] Subjects remaining: 0 (removed 2846)
OnlineSubjectDataset initialized with following configuration:
{'Total Samples': 1454358, 'Total Subjects': 2846}
[Filtering] Required windows per batch: 4
[Filtering] Required batches per block: 46
[Filtering] Required blocks per subject: 21
[Filtering] Subjects remaining: 0 (removed 2846)
OnlineSubjectDataset initialized with following configuration:
{'Total Samples': 1454358, 'Total Subjects': 2846}
[Filtering] Required windows per batch: 4
[Filtering] Required batches per block: 39
[Filtering] Required blocks per subject: 19
[Filtering] Subjects remaining: 0 (removed 2846)
OnlineSubjectDataset initialized with following configuration:
{'Total Samples': 1454358, 'Total Subjects': 2846}
[Filtering] Required windows per batch: 4
[Filtering] Required batches per block: 40
[Filtering] Required blocks per subject: 19
[Filtering] Subjects remaining: 0 (removed 2846)
OnlineSubjectDataset initialized with following configuration:
{'Total Samples': 1454358, 'Total Subjects': 2846}
[Filtering] Required windows per batch: 4
[Filtering] Required batches per block: 41
[Filtering] Required blocks per subject: 19
[Filtering] Subjects remaining: 0 (removed 2846)
OnlineSubjectDataset initialized with following configuration:
{'Total Samples': 1454358, 'Total Subjects': 2846}
[Filtering] Required windows per batch: 4
[Filtering] Required batches per block: 42
[Filtering] Required blocks per subject: 19
[Filtering] Subjects remaining: 0 (removed 2846)
OnlineSubjectDataset initialized with following configuration:
{'Total Samples': 1454358, 'Total Subjects': 2846}
[Filtering] Required windows per batch: 4
[Filtering] Required batches per block: 43
[Filtering] Required blocks per subject: 19
[Filtering] Subjects remaining: 0 (removed 2846)
OnlineSubjectDataset initialized with following configuration:
{'Total Samples': 1454358, 'Total Subjects': 2846}
[Filtering] Required windows per batch: 4
[Filtering] Required batches per block: 44
[Filtering] Required blocks per subject: 19
[Filtering] Subjects remaining: 0 (removed 2846)
OnlineSubjectDataset initialized with following configuration:
{'Total Samples': 1454358, 'Total Subjects': 2846}
[Filtering] Required windows per batch: 4
[Filtering] Required batches per block: 45
[Filtering] Required blocks per subject: 19
[Filtering] Subjects remaining: 0 (removed 2846)
OnlineSubjectDataset initialized with following configuration:
{'Total Samples': 1454358, 'Total Subjects': 2846}
[Filtering] Required windows per batch: 4
[Filtering] Required batches per block: 46
[Filtering] Required blocks per subject: 19
[Filtering] Subjects remaining: 0 (removed 2846)
OnlineSubjectDataset initialized with following configuration:
{'Total Samples': 1454358, 'Total Subjects': 2846}
[Filtering] Required windows per batch: 4
[Filtering] Required batches per block: 47
[Filtering] Required blocks per subject: 19
[Filtering] Subjects remaining: 0 (removed 2846)
OnlineSubjectDataset initialized with following configuration:
{'Total Samples': 1454358, 'Total Subjects': 2846}
[Filtering] Required windows per batch: 4
[Filtering] Required batches per block: 48
[Filtering] Required blocks per subject: 19
[Filtering] Subjects remaining: 0 (removed 2846)
OnlineSubjectDataset initialized with following configuration:
{'Total Samples': 1454358, 'Total Subjects': 2846}
[Filtering] Required windows per batch: 4
[Filtering] Required batches per block: 49
[Filtering] Required blocks per subject: 19
[Filtering] Subjects remaining: 0 (removed 2846)
OnlineSubjectDataset initialized with following configuration:
{'Total Samples': 1454358, 'Total Subjects': 2846}
[Filtering] Required windows per batch: 4
[Filtering] Required batches per block: 50
[Filtering] Required blocks per subject: 19
[Filtering] Subjects remaining: 0 (removed 2846)
OnlineSubjectDataset initialized with following configuration:
{'Total Samples': 1454358, 'Total Subjects': 2846}
[Filtering] Required windows per batch: 4
[Filtering] Required batches per block: 51
[Filtering] Required blocks per subject: 19
[Filtering] Subjects remaining: 0 (removed 2846)
OnlineSubjectDataset initialized with following configuration:
{'Total Samples': 1454358, 'Total Subjects': 2846}
[Filtering] Required windows per batch: 4
[Filtering] Required batches per block: 52
[Filtering] Required blocks per subject: 19
[Filtering] Subjects remaining: 0 (removed 2846)
OnlineSubjectDataset initialized with following configuration:
{'Total Samples': 1454358, 'Total Subjects': 2846}
[Filtering] Required windows per batch: 4
[Filtering] Required batches per block: 53
[Filtering] Required blocks per subject: 19
[Filtering] Subjects remaining: 0 (removed 2846)
OnlineSubjectDataset initialized with following configuration:
{'Total Samples': 1454358, 'Total Subjects': 2846}
[Filtering] Required windows per batch: 4
[Filtering] Required batches per block: 54
[Filtering] Required blocks per subject: 19
[Filtering] Subjects remaining: 0 (removed 2846)
OnlineSubjectDataset initialized with following configuration:
{'Total Samples': 1454358, 'Total Subjects': 2846}
[Filtering] Required windows per batch: 4
[Filtering] Required batches per block: 55
[Filtering] Required blocks per subject: 19
[Filtering] Subjects remaining: 0 (removed 2846)
OnlineSubjectDataset initialized with following configuration:
{'Total Samples': 1454358, 'Total Subjects': 2846}
[Filtering] Required windows per batch: 4
[Filtering] Required batches per block: 56
[Filtering] Required blocks per subject: 19
[Filtering] Subjects remaining: 0 (removed 2846)
OnlineSubjectDataset initialized with following configuration:
{'Total Samples': 1454358, 'Total Subjects': 2846}
[Filtering] Required windows per batch: 4
[Filtering] Required batches per block: 57
[Filtering] Required blocks per subject: 19
[Filtering] Subjects remaining: 0 (removed 2846)
OnlineSubjectDataset initialized with following configuration:
{'Total Samples': 1454358, 'Total Subjects': 2846}
[Filtering] Required windows per batch: 4
[Filtering] Required batches per block: 58
[Filtering] Required blocks per subject: 19
[Filtering] Subjects remaining: 0 (removed 2846)
OnlineSubjectDataset initialized with following configuration:
{'Total Samples': 1454358, 'Total Subjects': 2846}
[Filtering] Required windows per batch: 4
[Filtering] Required batches per block: 59
[Filtering] Required blocks per subject: 19
[Filtering] Subjects remaining: 0 (removed 2846)
OnlineSubjectDataset initialized with following configuration:
{'Total Samples': 1454358, 'Total Subjects': 2846}
[Filtering] Required windows per batch: 4
[Filtering] Required batches per block: 60
[Filtering] Required blocks per subject: 19
[Filtering] Subjects remaining: 0 (removed 2846)
OnlineSubjectDataset initialized with following configuration:
{'Total Samples': 1454358, 'Total Subjects': 2846}
[Filtering] Required windows per batch: 4
[Filtering] Required batches per block: 61
[Filtering] Required blocks per subject: 19
[Filtering] Subjects remaining: 0 (removed 2846)
OnlineSubjectDataset initialized with following configuration:
{'Total Samples': 1454358, 'Total Subjects': 2846}
[Filtering] Required windows per batch: 4
[Filtering] Required batches per block: 62
[Filtering] Required blocks per subject: 19
[Filtering] Subjects remaining: 0 (removed 2846)
OnlineSubjectDataset initialized with following configuration:
{'Total Samples': 1454358, 'Total Subjects': 2846}
[Filtering] Required windows per batch: 4
[Filtering] Required batches per block: 63
[Filtering] Required blocks per subject: 19
[Filtering] Subjects remaining: 0 (removed 2846)
OnlineSubjectDataset initialized with following configuration:
{'Total Samples': 1454358, 'Total Subjects': 2846}
[Filtering] Required windows per batch: 4
[Filtering] Required batches per block: 64
[Filtering] Required blocks per subject: 19
[Filtering] Subjects remaining: 0 (removed 2846)
OnlineSubjectDataset initialized with following configuration:
{'Total Samples': 1454358, 'Total Subjects': 2846}
[Filtering] Required windows per batch: 4
[Filtering] Required batches per block: 65
[Filtering] Required blocks per subject: 19
[Filtering] Subjects remaining: 0 (removed 2846)
OnlineSubjectDataset initialized with following configuration:
{'Total Samples': 1454358, 'Total Subjects': 2846}
[Filtering] Required windows per batch: 4
[Filtering] Required batches per block: 66
[Filtering] Required blocks per subject: 19
[Filtering] Subjects remaining: 0 (removed 2846)
OnlineSubjectDataset initialized with following configuration:
{'Total Samples': 1454358, 'Total Subjects': 2846}
[Filtering] Required windows per batch: 4
[Filtering] Required batches per block: 2
[Filtering] Required blocks per subject: 16
[Filtering] Subjects remaining: 1139 (removed 1707)
OnlineSubjectDataset initialized with following configuration:
{'Total Samples': 1454358, 'Total Subjects': 2846}
[Filtering] Required windows per batch: 4
[Filtering] Required batches per block: 3
[Filtering] Required blocks per subject: 16
[Filtering] Subjects remaining: 610 (removed 2236)
OnlineSubjectDataset initialized with following configuration:
{'Total Samples': 1454358, 'Total Subjects': 2846}
[Filtering] Required windows per batch: 4
[Filtering] Required batches per block: 4
[Filtering] Required blocks per subject: 16
[Filtering] Subjects remaining: 295 (removed 2551)
OnlineSubjectDataset initialized with following configuration:
{'Total Samples': 1454358, 'Total Subjects': 2846}
[Filtering] Required windows per batch: 4
[Filtering] Required batches per block: 5
[Filtering] Required blocks per subject: 16
[Filtering] Subjects remaining: 160 (removed 2686)
OnlineSubjectDataset initialized with following configuration:
{'Total Samples': 1454358, 'Total Subjects': 2846}
[Filtering] Required windows per batch: 4
[Filtering] Required batches per block: 6
[Filtering] Required blocks per subject: 16
[Filtering] Subjects remaining: 88 (removed 2758)
OnlineSubjectDataset initialized with following configuration:
{'Total Samples': 1454358, 'Total Subjects': 2846}
[Filtering] Required windows per batch: 4
[Filtering] Required batches per block: 7
[Filtering] Required blocks per subject: 16
[Filtering] Subjects remaining: 43 (removed 2803)
OnlineSubjectDataset initialized with following configuration:
{'Total Samples': 1454358, 'Total Subjects': 2846}
[Filtering] Required windows per batch: 4
[Filtering] Required batches per block: 8
[Filtering] Required blocks per subject: 16
[Filtering] Subjects remaining: 23 (removed 2823)
OnlineSubjectDataset initialized with following configuration:
{'Total Samples': 1454358, 'Total Subjects': 2846}
[Filtering] Required windows per batch: 4
[Filtering] Required batches per block: 9
[Filtering] Required blocks per subject: 16
[Filtering] Subjects remaining: 9 (removed 2837)
OnlineSubjectDataset initialized with following configuration:
{'Total Samples': 1454358, 'Total Subjects': 2846}
[Filtering] Required windows per batch: 4
[Filtering] Required batches per block: 10
[Filtering] Required blocks per subject: 16
[Filtering] Subjects remaining: 5 (removed 2841)
OnlineSubjectDataset initialized with following configuration:
{'Total Samples': 1454358, 'Total Subjects': 2846}
[Filtering] Required windows per batch: 4
[Filtering] Required batches per block: 11
[Filtering] Required blocks per subject: 16
[Filtering] Subjects remaining: 3 (removed 2843)
OnlineSubjectDataset initialized with following configuration:
{'Total Samples': 1454358, 'Total Subjects': 2846}
[Filtering] Required windows per batch: 4
[Filtering] Required batches per block: 12
[Filtering] Required blocks per subject: 16
[Filtering] Subjects remaining: 1 (removed 2845)
OnlineSubjectDataset initialized with following configuration:
{'Total Samples': 1454358, 'Total Subjects': 2846}
[Filtering] Required windows per batch: 4
[Filtering] Required batches per block: 13
[Filtering] Required blocks per subject: 16
[Filtering] Subjects remaining: 1 (removed 2845)
OnlineSubjectDataset initialized with following configuration:
{'Total Samples': 1454358, 'Total Subjects': 2846}
[Filtering] Required windows per batch: 4
[Filtering] Required batches per block: 14
[Filtering] Required blocks per subject: 16
[Filtering] Subjects remaining: 0 (removed 2846)
OnlineSubjectDataset initialized with following configuration:
{'Total Samples': 1454358, 'Total Subjects': 2846}
[Filtering] Required windows per batch: 4
[Filtering] Required batches per block: 15
[Filtering] Required blocks per subject: 16
[Filtering] Subjects remaining: 0 (removed 2846)
OnlineSubjectDataset initialized with following configuration:
{'Total Samples': 1454358, 'Total Subjects': 2846}
[Filtering] Required windows per batch: 4
[Filtering] Required batches per block: 16
[Filtering] Required blocks per subject: 16
[Filtering] Subjects remaining: 0 (removed 2846)
OnlineSubjectDataset initialized with following configuration:
{'Total Samples': 1454358, 'Total Subjects': 2846}
[Filtering] Required windows per batch: 4
[Filtering] Required batches per block: 17
[Filtering] Required blocks per subject: 16
[Filtering] Subjects remaining: 0 (removed 2846)
OnlineSubjectDataset initialized with following configuration:
{'Total Samples': 1454358, 'Total Subjects': 2846}
[Filtering] Required windows per batch: 4
[Filtering] Required batches per block: 18
[Filtering] Required blocks per subject: 16
[Filtering] Subjects remaining: 0 (removed 2846)
OnlineSubjectDataset initialized with following configuration:
{'Total Samples': 1454358, 'Total Subjects': 2846}
[Filtering] Required windows per batch: 4
[Filtering] Required batches per block: 19
[Filtering] Required blocks per subject: 16
[Filtering] Subjects remaining: 0 (removed 2846)
OnlineSubjectDataset initialized with following configuration:
{'Total Samples': 1454358, 'Total Subjects': 2846}
[Filtering] Required windows per batch: 4
[Filtering] Required batches per block: 20
[Filtering] Required blocks per subject: 16
[Filtering] Subjects remaining: 0 (removed 2846)
OnlineSubjectDataset initialized with following configuration:
{'Total Samples': 1454358, 'Total Subjects': 2846}
[Filtering] Required windows per batch: 4
[Filtering] Required batches per block: 21
[Filtering] Required blocks per subject: 16
[Filtering] Subjects remaining: 0 (removed 2846)
OnlineSubjectDataset initialized with following configuration:
{'Total Samples': 1454358, 'Total Subjects': 2846}
[Filtering] Required windows per batch: 4
[Filtering] Required batches per block: 22
[Filtering] Required blocks per subject: 16
[Filtering] Subjects remaining: 0 (removed 2846)
OnlineSubjectDataset initialized with following configuration:
{'Total Samples': 1454358, 'Total Subjects': 2846}
[Filtering] Required windows per batch: 4
[Filtering] Required batches per block: 23
[Filtering] Required blocks per subject: 16
[Filtering] Subjects remaining: 0 (removed 2846)
OnlineSubjectDataset initialized with following configuration:
{'Total Samples': 1454358, 'Total Subjects': 2846}
[Filtering] Required windows per batch: 4
[Filtering] Required batches per block: 24
[Filtering] Required blocks per subject: 16
[Filtering] Subjects remaining: 0 (removed 2846)
OnlineSubjectDataset initialized with following configuration:
{'Total Samples': 1454358, 'Total Subjects': 2846}
[Filtering] Required windows per batch: 4
[Filtering] Required batches per block: 25
[Filtering] Required blocks per subject: 16
[Filtering] Subjects remaining: 0 (removed 2846)
OnlineSubjectDataset initialized with following configuration:
{'Total Samples': 1454358, 'Total Subjects': 2846}
[Filtering] Required windows per batch: 4
[Filtering] Required batches per block: 26
[Filtering] Required blocks per subject: 16
[Filtering] Subjects remaining: 0 (removed 2846)
OnlineSubjectDataset initialized with following configuration:
{'Total Samples': 1454358, 'Total Subjects': 2846}
[Filtering] Required windows per batch: 4
[Filtering] Required batches per block: 27
[Filtering] Required blocks per subject: 16
[Filtering] Subjects remaining: 0 (removed 2846)
OnlineSubjectDataset initialized with following configuration:
{'Total Samples': 1454358, 'Total Subjects': 2846}
[Filtering] Required windows per batch: 4
[Filtering] Required batches per block: 28
[Filtering] Required blocks per subject: 16
[Filtering] Subjects remaining: 0 (removed 2846)
OnlineSubjectDataset initialized with following configuration:
{'Total Samples': 1454358, 'Total Subjects': 2846}
[Filtering] Required windows per batch: 4
[Filtering] Required batches per block: 29
[Filtering] Required blocks per subject: 16
[Filtering] Subjects remaining: 0 (removed 2846)
OnlineSubjectDataset initialized with following configuration:
{'Total Samples': 1454358, 'Total Subjects': 2846}
[Filtering] Required windows per batch: 4
[Filtering] Required batches per block: 45
[Filtering] Required blocks per subject: 5
[Filtering] Subjects remaining: 1 (removed 2845)
OnlineSubjectDataset initialized with following configuration:
{'Total Samples': 1454358, 'Total Subjects': 2846}
[Filtering] Required windows per batch: 4
[Filtering] Required batches per block: 46
[Filtering] Required blocks per subject: 5
[Filtering] Subjects remaining: 1 (removed 2845)
OnlineSubjectDataset initialized with following configuration:
{'Total Samples': 1454358, 'Total Subjects': 2846}
[Filtering] Required windows per batch: 4
[Filtering] Required batches per block: 47
[Filtering] Required blocks per subject: 5
[Filtering] Subjects remaining: 0 (removed 2846)
OnlineSubjectDataset initialized with following configuration:
{'Total Samples': 1454358, 'Total Subjects': 2846}
[Filtering] Required windows per batch: 4
[Filtering] Required batches per block: 48
[Filtering] Required blocks per subject: 5
[Filtering] Subjects remaining: 0 (removed 2846)
OnlineSubjectDataset initialized with following configuration:
{'Total Samples': 1454358, 'Total Subjects': 2846}
[Filtering] Required windows per batch: 4
[Filtering] Required batches per block: 49
[Filtering] Required blocks per subject: 5
[Filtering] Subjects remaining: 0 (removed 2846)
OnlineSubjectDataset initialized with following configuration:
{'Total Samples': 1454358, 'Total Subjects': 2846}
[Filtering] Required windows per batch: 4
[Filtering] Required batches per block: 50
[Filtering] Required blocks per subject: 5
[Filtering] Subjects remaining: 0 (removed 2846)
OnlineSubjectDataset initialized with following configuration:
{'Total Samples': 1454358, 'Total Subjects': 2846}
[Filtering] Required windows per batch: 4
[Filtering] Required batches per block: 51
[Filtering] Required blocks per subject: 5
[Filtering] Subjects remaining: 0 (removed 2846)
OnlineSubjectDataset initialized with following configuration:
{'Total Samples': 1454358, 'Total Subjects': 2846}
[Filtering] Required windows per batch: 4
[Filtering] Required batches per block: 52
[Filtering] Required blocks per subject: 5
[Filtering] Subjects remaining: 0 (removed 2846)
OnlineSubjectDataset initialized with following configuration:
{'Total Samples': 1454358, 'Total Subjects': 2846}
[Filtering] Required windows per batch: 4
[Filtering] Required batches per block: 53
[Filtering] Required blocks per subject: 5
[Filtering] Subjects remaining: 0 (removed 2846)
OnlineSubjectDataset initialized with following configuration:
{'Total Samples': 1454358, 'Total Subjects': 2846}
[Filtering] Required windows per batch: 4
[Filtering] Required batches per block: 54
[Filtering] Required blocks per subject: 5
[Filtering] Subjects remaining: 0 (removed 2846)
OnlineSubjectDataset initialized with following configuration:
{'Total Samples': 1454358, 'Total Subjects': 2846}
[Filtering] Required windows per batch: 4
[Filtering] Required batches per block: 55
[Filtering] Required blocks per subject: 5
[Filtering] Subjects remaining: 0 (removed 2846)
OnlineSubjectDataset initialized with following configuration:
{'Total Samples': 1454358, 'Total Subjects': 2846}
[Filtering] Required windows per batch: 4
[Filtering] Required batches per block: 56
[Filtering] Required blocks per subject: 5
[Filtering] Subjects remaining: 0 (removed 2846)
OnlineSubjectDataset initialized with following configuration:
{'Total Samples': 1454358, 'Total Subjects': 2846}
[Filtering] Required windows per batch: 4
[Filtering] Required batches per block: 57
[Filtering] Required blocks per subject: 5
[Filtering] Subjects remaining: 0 (removed 2846)
OnlineSubjectDataset initialized with following configuration:
{'Total Samples': 1454358, 'Total Subjects': 2846}
[Filtering] Required windows per batch: 4
[Filtering] Required batches per block: 58
[Filtering] Required blocks per subject: 5
[Filtering] Subjects remaining: 0 (removed 2846)
OnlineSubjectDataset initialized with following configuration:
{'Total Samples': 1454358, 'Total Subjects': 2846}
[Filtering] Required windows per batch: 4
[Filtering] Required batches per block: 59
[Filtering] Required blocks per subject: 5
[Filtering] Subjects remaining: 0 (removed 2846)
OnlineSubjectDataset initialized with following configuration:
{'Total Samples': 1454358, 'Total Subjects': 2846}
[Filtering] Required windows per batch: 4
[Filtering] Required batches per block: 60
[Filtering] Required blocks per subject: 5
[Filtering] Subjects remaining: 0 (removed 2846)
OnlineSubjectDataset initialized with following configuration:
{'Total Samples': 1454358, 'Total Subjects': 2846}
[Filtering] Required windows per batch: 4
[Filtering] Required batches per block: 61
[Filtering] Required blocks per subject: 5
[Filtering] Subjects remaining: 0 (removed 2846)
OnlineSubjectDataset initialized with following configuration:
{'Total Samples': 1454358, 'Total Subjects': 2846}
[Filtering] Required windows per batch: 4
[Filtering] Required batches per block: 62
[Filtering] Required blocks per subject: 5
[Filtering] Subjects remaining: 0 (removed 2846)
OnlineSubjectDataset initialized with following configuration:
{'Total Samples': 1454358, 'Total Subjects': 2846}
[Filtering] Required windows per batch: 4
[Filtering] Required batches per block: 63
[Filtering] Required blocks per subject: 5
[Filtering] Subjects remaining: 0 (removed 2846)
OnlineSubjectDataset initialized with following configuration:
{'Total Samples': 1454358, 'Total Subjects': 2846}
[Filtering] Required windows per batch: 4
[Filtering] Required batches per block: 64
[Filtering] Required blocks per subject: 5
[Filtering] Subjects remaining: 0 (removed 2846)
OnlineSubjectDataset initialized with following configuration:
{'Total Samples': 1454358, 'Total Subjects': 2846}
[Filtering] Required windows per batch: 4
[Filtering] Required batches per block: 65
[Filtering] Required blocks per subject: 5
[Filtering] Subjects remaining: 0 (removed 2846)
OnlineSubjectDataset initialized with following configuration:
{'Total Samples': 1454358, 'Total Subjects': 2846}
[Filtering] Required windows per batch: 4
[Filtering] Required batches per block: 66
[Filtering] Required blocks per subject: 5
[Filtering] Subjects remaining: 0 (removed 2846)
OnlineSubjectDataset initialized with following configuration:
{'Total Samples': 1454358, 'Total Subjects': 2846}
[Filtering] Required windows per batch: 4
[Filtering] Required batches per block: 67
[Filtering] Required blocks per subject: 5
[Filtering] Subjects remaining: 0 (removed 2846)
OnlineSubjectDataset initialized with following configuration:
{'Total Samples': 1454358, 'Total Subjects': 2846}
[Filtering] Required windows per batch: 4
[Filtering] Required batches per block: 68
[Filtering] Required blocks per subject: 5
[Filtering] Subjects remaining: 0 (removed 2846)
OnlineSubjectDataset initialized with following configuration:
{'Total Samples': 1454358, 'Total Subjects': 2846}
[Filtering] Required windows per batch: 4
[Filtering] Required batches per block: 69
[Filtering] Required blocks per subject: 5
[Filtering] Subjects remaining: 0 (removed 2846)
OnlineSubjectDataset initialized with following configuration:
{'Total Samples': 1454358, 'Total Subjects': 2846}
[Filtering] Required windows per batch: 4
[Filtering] Required batches per block: 70
[Filtering] Required blocks per subject: 5
[Filtering] Subjects remaining: 0 (removed 2846)
OnlineSubjectDataset initialized with following configuration:
{'Total Samples': 1454358, 'Total Subjects': 2846}
[Filtering] Required windows per batch: 4
[Filtering] Required batches per block: 71
[Filtering] Required blocks per subject: 5
[Filtering] Subjects remaining: 0 (removed 2846)
OnlineSubjectDataset initialized with following configuration:
{'Total Samples': 1454358, 'Total Subjects': 2846}
[Filtering] Required windows per batch: 4
[Filtering] Required batches per block: 72
[Filtering] Required blocks per subject: 5
[Filtering] Subjects remaining: 0 (removed 2846)
